k,inertia,silhouette,davies_bouldin,calinski_harabasz
2,70357.50189731132,0.22837755594091422,1.7206166341296991,928.5867291281562
3,62060.309361461404,0.13280992183160242,2.0811124220974384,830.6767664937605
4,57970.098071424174,0.12329908854221745,2.0151205979684814,699.8108749734008
5,55700.23742180409,0.0977827319577875,2.302010825373719,592.5014286879649
6,53702.96675719207,0.09157298365724313,2.3607989266466625,525.373618869679
7,52042.46083599066,0.09155266651597993,2.347798511030932,475.8766888124937
8,50924.803747966456,0.08011211502730897,2.477529368109087,431.0173775484378
9,49962.51721644729,0.07340232596932574,2.573164224164821,395.2688926764149
10,49048.656892610525,0.07647100720874943,2.521156127977517,367.2308408130699
