Brand,Model_Name,Model_URL,Model_Image,Network_Technology,5G_Support,Announced,Status,Dimensions,Weight_g,Back_Material,IP_Rating,SIM_Type,Display_Type,Refresh_Rate_Hz,Display_Size_inch,Resolution,PPI_Density,Screen_to_Body_Pct,Display_Protection,OS,Chipset,Process_Node_nm,CPU,GPU,RAM_GB,RAM_Max_GB,Storage_GB,Storage_Max_GB,Storage_Type,Main_Camera_MP,Lens_Count,Main_Aperture,OIS,Sensor_Size,Camera_4K_Video,Camera_Features,Camera_Video,Selfie_Camera_MP,Selfie_4K_Video,Selfie_Camera_Features,Selfie_Camera_Video,WiFi,NFC,Bluetooth_Version,USB_Type,Headphone_Jack,GPS,Sensors,Battery_mAh,Wired_Charging_W,Wireless_Charging_W,Reverse_Wireless_Charging,Battery_ActiveUse,Price_USD,Price_EUR,Price_GBP,Price_INR,AnTuTu_Score,GeekBench_Score,ThreeDMark_Score,Display_nits_tested,Loudspeaker_LUFS,Colors,Model_Numbers,SAR_US,SAR_EU,FM_Radio
Gigabyte,Gigabyte GSmart Essence 4,https://www.gsmarena.com/gigabyte_gsmart_essence_4-7703.php,https://fdn2.gsmarena.com/vv/bigpic/gigabyte-essence4.jpg,GSM / HSPA,No,"2015, October. Released 2015, November",Discontinued,124 x 62 x 9.6 mm (4.88 x 2.44 x 0.38 in),105.0,,,"Dual SIM (Mini-SIM, dual stand-by)",TFT,,4.0,480x800,233,59.2,,Android 4.4 (KitKat),Mediatek MT6572 (28 nm),28,Dual-core 1.0 GHz Cortex-A7,Mali-400,,,4,4,,2.0,1,,No,,No,,Yes,,No,,,"Wi-Fi 802.11 b/g/n, hotspot",No,4.0,Micro-USB,Yes,GPS,"Accelerometer, proximity",1300,,,No,,,60.0,,,,,,,,Black,,,,FM radio
Gigabyte,Gigabyte GSmart Classic Lite,https://www.gsmarena.com/gigabyte_gsmart_classic_lite-7702.php,https://fdn2.gsmarena.com/vv/bigpic/gigabyte-classic-lite.jpg,GSM / HSPA,No,"2015, October. Released 2015, November",Discontinued,143 x 73 x 9.2 mm (5.63 x 2.87 x 0.36 in),145.0,,,"Dual SIM (Mini-SIM/ Micro-SIM, dual stand-by)",IPS LCD,,5.0,480x854,196,66.0,,Android 4.4 (KitKat),Spreadtrum SC7731,,Quad-core 1.2 GHz,Mali-400,,,8,8,,5.0,1,,No,,No,LED flash,Yes,2.0,No,,,"Wi-Fi 802.11 b/g/n, hotspot",No,2.1,Micro-USB,Yes,GPS,"Accelerometer, proximity",2100,,,No,,,80.0,,,,,,,,Black,,,,FM radio
Gigabyte,Gigabyte GSmart Essence,https://www.gsmarena.com/gigabyte_gsmart_essence-7701.php,https://fdn2.gsmarena.com/vv/bigpic/gigabyte-essence.jpg,GSM / HSPA,No,"2015, October. Released 2015, October",Discontinued,134 x 67 x 8.8 mm (5.28 x 2.64 x 0.35 in),125.0,,,"Dual SIM (Mini-SIM/ Micro-SIM, dual stand-by)",IPS LCD,,4.5,480x854,218,62.2,,Android 4.4 (KitKat),Spreadtrum SC7731,,Quad-core 1.2 GHz,Mali-400,,,8,8,,5.0,1,,No,,No,LED flash,Yes,2.0,No,,,"Wi-Fi 802.11 b/g/n, hotspot",No,2.1,Micro-USB,Yes,GPS,"Accelerometer, proximity",1600,,,No,,,70.0,,,,,,,,"Black, White",,,,FM radio
Gigabyte,Gigabyte GSmart Classic,https://www.gsmarena.com/gigabyte_gsmart_classic-7700.php,https://fdn2.gsmarena.com/vv/bigpic/gigabyte-classic.jpg,GSM / HSPA,No,"2015, October. Released 2015, October",Discontinued,145 x 73 x 8.6 mm (5.71 x 2.87 x 0.34 in),150.0,,,"Dual SIM (Mini-SIM/ Micro-SIM, dual stand-by)",IPS LCD,,5.0,720x1280,294,65.1,,Android 5.1 (Lollipop),Spreadtrum SC7731,,Quad-core 1.2 GHz,Mali-400,1,1,8,8,,8.0,1,,No,,No,LED flash,Yes,5.0,No,,,"Wi-Fi 802.11 b/g/n, hotspot",No,2.1,Micro-USB,Yes,GPS,"Accelerometer, proximity",2000,,,No,,,100.0,,,,,,,,"Black, Gray",,,,FM radio
Gigabyte,Gigabyte GSmart Guru GX,https://www.gsmarena.com/gigabyte_gsmart_guru_gx-6985.php,https://fdn2.gsmarena.com/vv/bigpic/gigabyte-gsmart-guru-gx.jpg,GSM / HSPA / LTE,No,"2015, January. Released 2015, April",Discontinued,139 x 69 x 7 mm (5.47 x 2.72 x 0.28 in),115.0,,,Nano-SIM + Micro-SIM,IPS LCD,,5.0,1080x1920,441,71.9,Gorilla Glass 3,Android 4.4 (KitKat),Qualcomm MSM8939 Snapdragon 615 (28 nm),28,Octa-core (4x1.7 GHz Cortex-A53 & 4x1.0 GHz Cortex-A53),Adreno 405,2,2,32,32,eMMC 4.5,13.0,1,,No,,No,LED flash,Yes,5.0,No,,,"Wi-Fi 802.11 b/g/n, hotspot",No,4.0,Micro-USB,Yes,"GPS, GLONASS","Accelerometer, gyro, proximity, compass",2300,,,No,,,,,,,,,,,Black,,,,FM radio
Gigabyte,Gigabyte GSmart Mika MX,https://www.gsmarena.com/gigabyte_gsmart_mika_mx-6988.php,https://fdn2.gsmarena.com/vv/bigpic/gigabyte-gsmart-mika-mx.jpg,GSM / HSPA / LTE,No,"2015, January. Released 2015, February",Discontinued,143 x 72 x 9.8 mm (5.63 x 2.83 x 0.39 in),165.0,,,"Dual SIM (Micro-SIM, dual stand-by)",IPS LCD,,5.0,540x960,220,66.9,,Android 4.4 (KitKat),Qualcomm MSM8916 Snapdragon 410 (28 nm),28,Quad-core 1.2 GHz Cortex-A53,Adreno 306,1,1,8,8,eMMC 4.5,5.0,1,,No,,No,,Yes,2.0,No,,,"Wi-Fi 802.11 b/g/n, hotspot",No,4.0,Micro-USB,Yes,"GPS, GLONASS","Accelerometer, proximity",3000,,,No,,,,,,,,,,,Black,,,,FM radio
Gigabyte,Gigabyte GSmart Roma RX,https://www.gsmarena.com/gigabyte_gsmart_roma_rx-6989.php,https://fdn2.gsmarena.com/vv/bigpic/gigabyte-gsmart-roma-rx.jpg,GSM / HSPA,No,"2015, January. Released 2015, April",Discontinued,142 x 73 x 9.5 mm (5.59 x 2.87 x 0.37 in),155.0,,,"Dual SIM (Mini-SIM/ Micro-SIM, dual stand-by)",IPS LCD,,5.0,480x854,196,66.5,,Android 4.4 (KitKat),Mediatek MT6582 (28 nm),28,Quad-core 1.3 GHz Cortex-A7,Mali-400MP2,,,4,4,,5.0,1,,No,,No,,Yes,,No,,,"Wi-Fi 802.11 b/g/n, hotspot",No,4.0,Micro-USB,Yes,GPS,"Accelerometer, proximity",2000,,,No,,,,,,,,,,,Black,,,,FM radio
Gigabyte,Gigabyte GSmart Akta A4,https://www.gsmarena.com/gigabyte_gsmart_akta_a4-6832.php,https://fdn2.gsmarena.com/vv/bigpic/gigabyte-gsmart-Akta-A4.jpg,GSM / HSPA,No,"2014, November. Released 2014, November",Discontinued,147 x 73 x 9.6 mm (5.79 x 2.87 x 0.38 in),158.0,,,Dual SIM (Mini-SIM/ Micro-SIM),IPS LCD,,5.0,540x960,220,64.2,,Android 4.4.2 (KitKat),Mediatek MT6592 (28 nm),28,Octa-core 1.4 GHz Cortex-A7,Mali-450MP4,1,1,8,8,,13.0,1,,No,,No,LED flash,Yes,5.0,No,,,"Wi-Fi 802.11 b/g/n, hotspot",No,4.0,Micro-USB,Yes,GPS,"Accelerometer, gyro, proximity, compass",1800,,,No,,,,,,,,,,,Navy Blue,,,,FM radio
Gigabyte,Gigabyte GSmart Mika M3,https://www.gsmarena.com/gigabyte_gsmart_mika_m3-6797.php,https://fdn2.gsmarena.com/vv/bigpic/gigabyte-gsmart-Mika-M4.jpg,GSM / HSPA,No,"2014, October. Released 2014, November",Discontinued,144 x 70.5 x 8.3 mm (5.67 x 2.78 x 0.33 in),146.0,,,Dual SIM (Mini-SIM/ Micro-SIM),IPS LCD,,5.0,720x1280,294,67.9,,Android 4.4.2 (KitKat),Mediatek MT6582 (28 nm),28,Quad-core 1.3 GHz Cortex-A7,Mali-400MP2,1,1,8,8,,13.0,1,,No,,No,LED flash,Yes,8.0,No,,,"Wi-Fi 802.11 b/g/n, hotspot",No,3.0,Micro-USB,Yes,GPS,"Accelerometer, proximity",1900,,,No,,,,,,,,,,,Navy Blue,,,,FM radio
Gigabyte,Gigabyte GSmart GX2,https://www.gsmarena.com/gigabyte_gsmart_gx2-6587.php,https://fdn2.gsmarena.com/vv/bigpic/gigabyte-gsmart-arty-gx2.jpg,GSM / HSPA,No,"2014, August. Released 2014, September",Discontinued,146.5 x 73.4 x 8.7 mm (5.77 x 2.89 x 0.34 in),135.0,,,Dual SIM (Micro-SIM),IPS LCD,,5.0,1080x1920,441,64.1,,Android 4.4.2 (KitKat),Qualcomm MSM8228 Snapdragon 400 (28 nm),28,Quad-core 1.6 GHz Cortex-A7,Adreno 305,2,2,8,8,eMMC 4.5,13.0,1,,No,,No,LED flash,Yes,2.0,No,,,"Wi-Fi 802.11 a/b/g/n, hotspot",No,4.0,Micro-USB,Yes,GPS,"Accelerometer, proximity, compass",2200,,,No,,,,,,,,,,,Black,,,,FM radio
Gigabyte,Gigabyte GSmart Guru (White Edition),https://www.gsmarena.com/gigabyte_gsmart_guru_(white_edition)-6586.php,https://fdn2.gsmarena.com/vv/bigpic/gigabyte-gsmart-guru-white.jpg,GSM / HSPA,No,"2014, August. Released 2014, August",Discontinued,147 x 72.1 x 8.5 mm (5.79 x 2.84 x 0.33 in),165.0,,,Micro-SIM,IPS LCD,,5.0,1080x1920,441,65.0,,Android 4.2.2 (Jelly Bean),Mediatek MT6589T (28 nm),28,Quad-core 1.5 GHz Cortex-A7,PowerVR SGX544,2,2,32,32,,13.0,1,,No,,No,LED flash,Yes,5.0,No,,,"Wi-Fi 802.11 b/g/n, hotspot",No,4.0,Micro-USB,Yes,GPS,"Accelerometer, proximity, compass",3000,,,No,,,,,,,,,,,White,,,,FM radio
Gigabyte,Gigabyte GSmart T4 (Lite Edition),https://www.gsmarena.com/gigabyte_gsmart_t4_(lite_edition)-6585.php,https://fdn2.gsmarena.com/vv/bigpic/gigabyte-gsmart-t4-lite.jpg,GSM / HSPA,No,"2014, July. Released 2014, July",Discontinued,124.5 x 64 x 10.3 mm (4.90 x 2.52 x 0.41 in),115.0,,,Dual SIM (Mini-SIM),TFT,,4.0,480x800,233,57.2,,Android 4.2.2 (Jelly Bean),Mediatek MT6572 (28 nm),28,Dual-core 1.0 GHz Cortex-A7,Mali-400,,,4,4,,5.0,1,,No,,No,,Yes,,No,,,"Wi-Fi 802.11 b/g/n, hotspot",No,3.0,Micro-USB,Yes,GPS,"Accelerometer, proximity",1300,,,No,,,,,,,,,,,Black,,,,FM radio
Gigabyte,Gigabyte GSmart Arty A3,https://www.gsmarena.com/gigabyte_gsmart_arty_a3-6584.php,https://fdn2.gsmarena.com/vv/bigpic/gigabyte-gsmart-arty-a3.jpg,GSM / HSPA,No,"2014, July. Released 2014, July",Discontinued,145 x 73.2 x 9.4 mm (5.71 x 2.88 x 0.37 in),165.0,,,Dual SIM (Mini-SIM),IPS LCD,,5.0,480x854,196,64.9,,Android 4.4.2 (KitKat),Mediatek MT6582 (28 nm),28,Quad-core 1.3 GHz Cortex-A7,Mali-400MP2,1,1,4,4,,8.0,1,,No,,No,LED flash,Yes,2.0,No,,,"Wi-Fi 802.11 b/g/n, hotspot",No,4.0,Micro-USB,Yes,GPS,"Accelerometer, proximity",2000,,,No,,,,,,,,,,,Black,,,,FM radio
Gigabyte,Gigabyte GSmart Mika M2,https://www.gsmarena.com/gigabyte_gsmart_mika_m2-6583.php,https://fdn2.gsmarena.com/vv/bigpic/gigabyte-gsmart-mika-m2.jpg,GSM / HSPA,No,"2014, June. Released 2014, June",Discontinued,145 x 72.8 x 8.5 mm (5.71 x 2.87 x 0.33 in),150.0,,,Dual SIM (Mini-SIM),IPS LCD,,5.0,720x1280,294,65.3,,Android 4.4.2 (KitKat),Mediatek MT6582 (28 nm),28,Quad-core 1.3 GHz Cortex-A7,Mali-400MP2,1,1,8,8,,13.0,1,,No,,No,LED flash,Yes,5.0,No,,,"Wi-Fi 802.11 b/g/n, hotspot",No,4.0,Micro-USB,Yes,GPS,"Accelerometer, proximity",2000,,,No,,,190.0,,,,,,,,Black,,,,FM radio
Gigabyte,Gigabyte GSmart T4,https://www.gsmarena.com/gigabyte_gsmart_t4-6335.php,https://fdn2.gsmarena.com/vv/bigpic/GSmart-T4.jpg,GSM / HSPA,No,"2014, April. Released 2014, April",Discontinued,126 x 62 x 9.8 mm (4.96 x 2.44 x 0.39 in),121.0,,,Dual SIM,IPS LCD,,4.0,480x800,233,58.3,,Android 4.2 (Jelly Bean),Mediatek MT6572 (28 nm),28,Dual-core 1.3 GHz Cortex-A7,Mali-400,,,4,4,,8.0,1,,No,,No,LED flash,Yes,,No,,,"Wi-Fi 802.11 b/g/n, hotspot",No,3.0,Micro-USB,Yes,GPS,"Accelerometer, proximity",1400,,,No,,,100.0,,,,,,,,"Black, White",,,,FM radio
Gigabyte,Gigabyte GSmart Saga S3,https://www.gsmarena.com/gigabyte_gsmart_saga_s3-6334.php,https://fdn2.gsmarena.com/vv/bigpic/GSmart-Saga-S3.jpg,GSM / HSPA,No,"2014, April. Released 2014, April",Discontinued,168 x 83 x 8.5 mm (6.61 x 3.27 x 0.33 in),190.0,,,Dual SIM,IPS LCD,,6.0,720x1280,245,71.2,,Android 4.2 (Jelly Bean),Mediatek MT6582 (28 nm),28,Quad-core 1.3 GHz Cortex-A7,Mali-400MP2,1,1,8,8,,8.0,1,,No,,No,LED flash,Yes,2.0,No,,,"Wi-Fi 802.11 b/g/n, hotspot",No,4.0,Micro-USB,Yes,GPS,"Accelerometer, proximity",3000,,,No,,,,,,,,,,,Black,,,,FM radio
Gigabyte,Gigabyte GSmart Rey R3,https://www.gsmarena.com/gigabyte_gsmart_rey_r3-6211.php,https://fdn2.gsmarena.com/vv/bigpic/Gigabyte-GSmart-Rey-R3.jpg,GSM / HSPA,No,"2014, March. Released 2014, March",Discontinued,136 x 66 x 10.5 mm (5.35 x 2.60 x 0.41 in),138.0,,,Dual SIM,IPS LCD,,4.5,480x854,218,62.2,,Android 4.2 (Jelly Bean),Mediatek MT6572 (28 nm),28,Dual-core 1.3 GHz Cortex-A7,Mali-400,1,1,4,4,,8.0,1,,No,,No,LED flash,Yes,,No,,,"Wi-Fi 802.11 b/g/n, hotspot",No,4.0,Micro-USB,Yes,GPS,"Accelerometer, proximity",1800,,,No,,,,,,,,,,,Black,,,,FM radio
Gigabyte,Gigabyte GSmart Guru,https://www.gsmarena.com/gigabyte_gsmart_guru-5807.php,https://fdn2.gsmarena.com/vv/bigpic/gigabyte-gsmart-guru.jpg,GSM / HSPA,No,"2013, October. Released 2013, November",Discontinued,-,,,,Yes,IPS LCD,,5.0,1080x1920,441,,,Android 4.2 (Jelly Bean),Mediatek MT6589T (28 nm),28,Quad-core 1.5 GHz Cortex-A7,PowerVR SGX544,2,2,32,32,,13.0,1,,No,,No,LED flash,Yes,5.0,No,,,"Wi-Fi 802.11 b/g/n, hotspot",No,4.0,Micro-USB,Yes,GPS,"Accelerometer, proximity, compass",2500,,,No,,,440.0,,,,,,,,Black,,,,FM radio
Gigabyte,Gigabyte GSmart Alto A2,https://www.gsmarena.com/gigabyte_gsmart_alto_a2-5809.php,https://fdn2.gsmarena.com/vv/bigpic/gigabyte-gsmart-alto-a2.jpg,GSM / HSPA,No,"2013, October. Released 2013, November",Discontinued,-,,,,Dual SIM,TFT,,5.0,480x854,196,,,Android 4.2 (Jelly Bean),Mediatek MT6572 (28 nm),28,Dual-core 1.3 GHz Cortex-A7,Mali-400,1,1,4,4,,5.0,1,,No,,No,LED flash,Yes,,No,,,"Wi-Fi 802.11 b/g/n, hotspot",No,3.0,Micro-USB,Yes,GPS,"Accelerometer, proximity",2000,,,No,,,,,,,,,,,"Black, White",,,,FM radio
Gigabyte,Gigabyte GSmart Roma R2,https://www.gsmarena.com/gigabyte_gsmart_roma_r2-5808.php,https://fdn2.gsmarena.com/vv/bigpic/gigabyte-gsmart-roma-r2.jpg,GSM / HSPA,No,"2013, October. Released 2013, October",Discontinued,-,,,,Dual SIM,IPS LCD,,4.0,480x800,233,,,Android 4.2 (Jelly Bean),Mediatek MT6572 (28 nm),28,Dual-core 1.3 GHz Cortex-A7,Mali-400,1,1,4,4,,5.0,1,,No,,No,LED flash,Yes,,No,,,"Wi-Fi 802.11 b/g/n, hotspot",No,3.0,Micro-USB,Yes,GPS,"Accelerometer, proximity",1400,,,No,,,140.0,,,,,,,,"Black, White, Blue, Red",,,,FM radio
Gigabyte,Gigabyte GSmart Aku A1,https://www.gsmarena.com/gigabyte_gsmart_aku_a1-5610.php,https://fdn2.gsmarena.com/vv/bigpic/gigabyte-gsmart-aku-a1.jpg,GSM / HSPA,No,"2013, July. Released 2013, July",Discontinued,136 x 67 x 12.4 mm (5.35 x 2.64 x 0.49 in),147.7,,,"Dual SIM (Mini-SIM, dual stand-by)",TFT,,4.5,480x854,218,61.2,,Android 4.2 (Jelly Bean),Mediatek MT6589 (28 nm),28,Quad-core 1.2 GHz Cortex-A7,PowerVR SGX544,1,1,4,4,,5.0,1,,No,,No,LED flash,Yes,,No,,,"Wi-Fi 802.11 b/g/n, hotspot",No,3.0,Micro-USB,Yes,GPS,"Accelerometer, proximity",2000,,,No,,,150.0,,,,,,,,"Black, White",,,,FM radio
Gigabyte,Gigabyte GSmart Tuku T2,https://www.gsmarena.com/gigabyte_gsmart_tuku_t2-5611.php,https://fdn2.gsmarena.com/vv/bigpic/gigabyte-gsmart-tuku-t2.jpg,GSM / HSPA,No,"2013, July. Released 2013, July",Discontinued,124 x 63.5 x 11.8 mm (4.88 x 2.5 x 0.46 in),125.0,,,"Dual SIM (Mini-SIM, dual stand-by)",TFT,,4.0,480x800,233,57.8,,Android 4.0 (Ice Cream Sandwich),Qualcomm MSM8225 Snapdragon S4 Play,,Dual-core 1.0 GHz Cortex-A5,Adreno 203,,,4,4,,5.0,1,,No,,No,LED flash,Yes,,No,,,"Wi-Fi 802.11 b/g/n, hotspot",No,3.0,Micro-USB,Yes,GPS,"Accelerometer, proximity",1500,,,No,,,,,,,,,,,"Black, White, Orange, Blue, Green",,,,FM radio
Gigabyte,Gigabyte GSmart Maya M1 v2,https://www.gsmarena.com/gigabyte_gsmart_maya_m1_v2-5551.php,https://fdn2.gsmarena.com/vv/bigpic/Gigabyte-GSmart-Maya-M1-v2-new.jpg,GSM / HSPA,No,"2013, June. Released 2013, July",Discontinued,136 x 67 x 9.7 mm (5.35 x 2.64 x 0.38 in),147.0,,,"Dual SIM (Mini-SIM, dual stand-by)",IPS LCD,,4.5,540x960,245,61.3,,Android 4.2.1 (Jelly Bean),Mediatek MT6589 (28 nm),28,Quad-core 1.2 GHz Cortex-A7,PowerVR SGX544,1,1,4,4,,8.0,1,,No,,No,Dual-LED flash,Yes,2.0,No,,,"Wi-Fi 802.11 b/g/n, hotspot",No,3.0,Micro-USB,Yes,GPS,"Accelerometer, proximity, compass",1700,,,No,,,200.0,,,,,,,,"Gray, White, Red",,,,FM radio
Gigabyte,Gigabyte GSmart Sierra S1,https://www.gsmarena.com/gigabyte_gsmart_sierra_s1-5516.php,https://fdn2.gsmarena.com/vv/bigpic/GSmart-Sierra-new.jpg,GSM / HSPA,No,"2013, June. Released 2013, October",Discontinued,145.5 x 72.5 x 8.9 mm (5.73 x 2.85 x 0.35 in),168.0,,,"Dual SIM (Mini-SIM, dual stand-by)",IPS LCD,,5.0,720x1280,294,65.3,,Android 4.2 (Jelly Bean),Mediatek MT6589 (28 nm),28,Quad-core 1.5 GHz Cortex-A7,PowerVR SGX544,1,1,4,4,,13.0,1,,No,,No,LED flash,1080p@30fps,2.0,No,,720p,"Wi-Fi 802.11 b/g/n, hotspot",No,3.0,Micro-USB,Yes,GPS,"Accelerometer, proximity, compass",2000,,,No,,,220.0,,,,,,,,Black/White,,,,FM radio
Gigabyte,Gigabyte GSmart Simba SX1,https://www.gsmarena.com/gigabyte_gsmart_simba_sx1-5515.php,https://fdn2.gsmarena.com/vv/bigpic/GSmart-Simba-new.jpg,GSM / HSPA,No,"2013, June. Released 2013, November",Discontinued,144 x 73 x 9.5 mm (5.67 x 2.87 x 0.37 in),165.0,,,"Dual SIM (Mini-SIM, dual stand-by)",IPS LCD,,5.0,720x1280,294,65.6,,Android 4.2 (Jelly Bean),Qualcomm MSM8230 Snapdragon 400 (28 nm),28,Dual-core 1.4 GHz Krait,Adreno 305,1,1,4,4,eMMC 4.5,13.0,1,,No,,No,LED flash,Yes,2.0,No,,,"Wi-Fi 802.11 b/g/n, hotspot",No,3.0,Micro-USB,Yes,GPS,"Accelerometer, proximity, compass",1900,,,No,,,260.0,,,,,,,,Black/White,,,,FM radio
Gigabyte,Gigabyte GSmart Maya M1,https://www.gsmarena.com/gigabyte_gsmart_maya_m1-5401.php,https://fdn2.gsmarena.com/vv/bigpic/Gigabyte-GSmart-Maya-M1.jpg,GSM / HSPA,No,"2013, April. Released 2013, April",Discontinued,136 x 67 x 9.7 mm (5.35 x 2.64 x 0.38 in),150.5,,,"Dual SIM (Mini-SIM, dual stand-by)",IPS LCD,,4.5,540x960,245,61.3,,Android 4.1 (Jelly Bean),Mediatek MT6577 (40 nm),40,Dual-core 1.0 GHz Cortex-A9,PowerVR SGX531u,1,1,4,4,,8.0,1,,No,,No,Dual-LED flash,480p@30fps,2.0,No,,,"Wi-Fi 802.11 b/g/n, hotspot",No,3.0,Micro-USB,Yes,GPS,"Accelerometer, proximity, compass",1700,,,No,,,220.0,,,,,,,,"Brown, Brown/White, Brown/Red",,,0.75 W/kg (head),FM radio
Gigabyte,Gigabyte GSmart Rio R1,https://www.gsmarena.com/gigabyte_gsmart_rio_r1-5400.php,https://fdn2.gsmarena.com/vv/bigpic/Gigabyte-GSmart-Rio-R1.jpg,GSM / HSPA,No,"2013, April. Released 2013, April",Discontinued,124.2 x 63.8 x 10.5 mm (4.89 x 2.51 x 0.41 in),130.5,,,"Dual SIM (Mini-SIM, dual stand-by)",IPS LCD,,4.0,480x800,233,57.5,,Android 4.0 (Ice Cream Sandwich),Qualcomm MSM8225 Snapdragon S4 Play,,Dual-core 1.0 GHz Cortex-A5,Adreno 203,,,4,4,,5.0,1,,No,,No,LED flash,720p,,No,,,"Wi-Fi 802.11 b/g/n, Wi-Fi Direct, hotspot",No,3.0,Micro-USB,Yes,GPS,"Accelerometer, proximity",1500,,,No,,,150.0,,,,,,,,"Black, Black/White, Black/Blue, Black/Pink, Black/Yellow",,,0.58 W/kg (head),No
Gigabyte,Gigabyte GSmart GS202,https://www.gsmarena.com/gigabyte_gsmart_gs202-5174.php,https://fdn2.gsmarena.com/vv/bigpic/gigabyte-gsmart-gs202.jpg,GSM / HSPA,No,"2012, December. Released 2012, December",Discontinued,130.5 x 66.5 x 10.9 mm (5.14 x 2.62 x 0.43 in),147.6,,,"Dual SIM (Mini-SIM, dual stand-by)",IPS LCD,,4.3,480x800,217,60.6,,Android 4.0 (Ice Cream Sandwich),Mediatek MT6577 (40 nm),40,Dual-core 1.0 GHz Cortex-A9,PowerVR SGX531u,,,4,4,,5.0,1,,No,,No,LED flash,Yes,,No,,,"Wi-Fi 802.11 b/g/n, hotspot",No,3.0,Micro-USB,Yes,GPS,"Accelerometer, proximity, compass",1500,,,No,,,110.0,,,,,,,,"White, Brown",,,0.24 W/kg (head),No
Gigabyte,Gigabyte GSmart G1362,https://www.gsmarena.com/gigabyte_gsmart_g1362-4935.php,https://fdn2.gsmarena.com/vv/bigpic/gigabyte-gsmart-g1362.jpg,GSM / HSPA,No,"2012, August. Released 2012, September",Discontinued,132.5 x 67.7 x 11 mm (5.22 x 2.67 x 0.43 in),155.0,,,Dual SIM (Mini-SIM),"TFT, 256K colors",,4.3,480x854,228,56.8,,Android 4.0 (Ice Cream Sandwich),Qualcomm MSM8225 Snapdragon S4 Play,,Dual-core 1.2 GHz Cortex-A5,Adreno 203,,,4,4,,5.0,1,,No,,No,LED flash,Yes,,No,,,"Wi-Fi 802.11 b/g/n, hotspot",,3.0,Micro-USB,Yes,"GPS, A-GPS","Accelerometer, proximity",1550,,,No,,,210.0,,,,,,,,"Gray, White",,,,No
Gigabyte,Gigabyte GSmart G1355,https://www.gsmarena.com/gigabyte_gsmart_g1355-4547.php,https://fdn2.gsmarena.com/vv/bigpic/gigabyte-g1355.jpg,GSM / HSPA,No,"2012, February. Released 2012, September",Discontinued,129.8 x 69.8 x 11.5 mm (5.11 x 2.75 x 0.45 in),168.0,,,Dual SIM (Mini-SIM),"TFT, 256K colors",,4.3,480x800,217,58.1,,Android 2.3.4 (Gingerbread),Qualcomm MSM7227T Snapdragon S1,,800 MHz ARM 11,Adreno 200,,,1,1,,5.0,1,,No,,No,LED flash,Yes,,No,,,"Wi-Fi 802.11 b/g/n, hotspot",,2.1,Micro-USB,Yes,"GPS, A-GPS","Accelerometer, proximity, compass",1500,,,No,,,190.0,,,,,,,,Gray,,,,No
Gigabyte,Gigabyte GSmart G1345,https://www.gsmarena.com/gigabyte_gsmart_g1345-4190.php,https://fdn2.gsmarena.com/vv/bigpic/gigabyte-gsmart-g1345.jpg,GSM / HSPA,No,"2011, Q2",Discontinued,120 x 62.5 x 13.9 mm (4.72 x 2.46 x 0.55 in),123.3,,,"Dual SIM (Mini-SIM, no dual stand-by)","TFT, 256K colors",,3.5,320x480,165,48.6,,Android 2.3 (Gingerbread),Qualcomm MSM7227T Snapdragon S1,,800 MHz ARM 11,Adreno 200,,,,,,5.0,1,,No,,No,LED flash,Yes,,No,,,"Wi-Fi 802.11 b/g, hotspot",,2.1,Micro-USB,Yes,"GPS, A-GPS","Accelerometer, proximity, compass",1500,,,No,,,,,,,,,,,Black,,,,No
Gigabyte,Gigabyte GSmart G1342 Houston,https://www.gsmarena.com/gigabyte_gsmart_g1342_houston-4637.php,https://fdn2.gsmarena.com/vv/bigpic/huawei-houston-g1342.jpg,GSM / HSPA,No,2011,Discontinued,121 x 62.5 x 12.5 mm (4.76 x 2.46 x 0.49 in),120.0,,,Dual SIM (Mini-SIM),"TFT, 256K colors",,3.5,320x480,165,48.2,,Android 4.0 (Ice Cream Sandwich),Qualcomm MSM7225AA Snapdragon S1,,800 MHz Cortex-A5,Adreno 200,,,1,1,,3.15,1,,No,,No,,Yes,,No,,,"Wi-Fi 802.11 b/g/n, hotspot",,3.0,Micro-USB,Yes,"GPS, A-GPS","Accelerometer, proximity, compass",1500,,,No,,,,,,,,,,,Black,,,,FM radio
Gigabyte,Gigabyte GSmart M3447,https://www.gsmarena.com/gigabyte_gsmart_m3447-3763.php,https://fdn2.gsmarena.com/vv/bigpic/Gigabyte-GSmart-M3447.jpg,GSM / HSPA,No,2011. Released 2011,Discontinued,110 x 59 x 13 mm (4.33 x 2.32 x 0.51 in),95.0,,,Dual SIM (Mini-SIM),"TFT resistive touchscreen, 65K colors",,2.4,240x320,167,27.5,,,,,MediaTek MT6268 246 MHz,,,,,,,2.0,1,,No,,No,,Yes,,No,,,No,,2.1,Proprietary,No,No,,900,,,No,,,,,,,,,,,Black,,,,No
Gigabyte,Gigabyte GSmart G1310,https://www.gsmarena.com/gigabyte_gsmart_g1310-3720.php,https://fdn2.gsmarena.com/vv/bigpic/gigabyte-g1310.jpg,GSM / HSPA,No,"2011, January. Released 2011, July",Discontinued,113.5 x 60 x 12.9 mm (4.47 x 2.36 x 0.51 in),117.0,,,Dual SIM (Mini-SIM),"TFT, 256K colors",,3.2,320x480,180,44.8,,Android 2.2 (Froyo),Qualcomm MSM7225-1 Snapdragon S1,,528 MHz ARM 11,No,,,,,,5.0,1,,No,,No,,Yes,,No,,,"Wi-Fi 802.11 b/g, hotspot",,2.1,Micro-USB,Yes,"GPS, A-GPS","Accelerometer, proximity, compass",1260,,,No,,,10.0,,,,,,,,"Champagne gold, pearl white",,,,FM radio
Gigabyte,Gigabyte GSmart G1317 Rola,https://www.gsmarena.com/gigabyte_gsmart_g1317_rola-3694.php,https://fdn2.gsmarena.com/vv/bigpic/gigabyte-gsmart-rola.jpg,GSM / HSPA,No,"2010, November. Released 2011, April",Discontinued,113.5 x 60 x 13.3 mm (4.47 x 2.36 x 0.52 in),116.0,,,"Dual SIM (Mini-SIM, dual stand-by)","TFT resistive touchscreen, 16M colors",,3.2,240x400,146,42.8,,Android 2.2 (Froyo),Qualcomm MSM7225 Snapdragon S1,,528 MHz ARM 11,No,,,,,,3.15,1,,No,,No,LED flash,Yes,,No,,,"Wi-Fi 802.11 b/g, hotspot",,2.1,Micro-USB,Yes,"GPS, A-GPS","Accelerometer, proximity, compass",1260,,,No,,,130.0,,,,,,,,"Glossy Black, Glossy White",,,,Stereo FM radio
Gigabyte,Gigabyte GSmart G1315 Skate,https://www.gsmarena.com/gigabyte_gsmart_g1315_skate-3897.php,https://fdn2.gsmarena.com/vv/bigpic/GSmart-Skate-G1315.jpg,GSM / HSPA,No,"2011. Released 2011, October",Discontinued,113.5 x 61.3 x 13.3 mm (4.47 x 2.41 x 0.52 in),118.0,,,"Dual SIM (Mini-SIM, dual stand-by)","TFT, 256K colors",,3.5,320x480,165,52.4,,Android 2.2 (Froyo),Qualcomm MSM7225-1 Snapdragon S1,,528 MHz ARM 11,No,,,,,,5.0,1,,No,,No,,Yes,,No,,,"Wi-Fi 802.11 b/g, hotspot",,2.1,Micro-USB,Yes,"GPS, A-GPS","Accelerometer, proximity, compass",1260,,,No,,,,,,,,,,,"Black, white",,,,Stereo FM radio
Gigabyte,Gigabyte GSmart S1205,https://www.gsmarena.com/gigabyte_gsmart_s1205-3202.php,https://fdn2.gsmarena.com/vv/bigpic/gigabyte-gsmart-s1205.jpg,GSM,No,"2010, March. Released 2010, April",Discontinued,110.6 x 55 x 13.1 mm (4.35 x 2.17 x 0.52 in),,,,"Dual SIM (Mini-SIM, dual stand-by)","TFT resistive touchscreen, 65K colors",,3.2,240x400,146,47.9,,Microsoft Windows Mobile 6.5 Professional,,,416 MHz Media Tek MT6516,,,,,,,3.15,1,,No,,No,,480p,,No,,,Wi-Fi 802.11 b/g,,2.1,Micro-USB,Yes,"GPS, A-GPS",,1320,,,No,,,150.0,,,,,,,,Black,,,,Stereo FM radio
Gigabyte,Gigabyte GSmart G1305 Boston,https://www.gsmarena.com/gigabyte_gsmart_g1305_boston-3201.php,https://fdn2.gsmarena.com/vv/bigpic/gigabyte-gsmart-g1305-codfish-ofic.jpg,GSM / HSPA,No,"2010, April. Released 2010, April",Discontinued,116 x 56.8 x 12.4 mm (4.57 x 2.24 x 0.49 in),118.0,,,Mini-SIM,"TFT, 256K colors",,3.2,320x480,180,46.3,,Android 1.6 (Donut),Qualcomm MSM7227 Snapdragon S1,,600 MHz ARM 11,Adreno 200,,,,,,5.0,1,,No,,No,LED flash,Yes,,No,,,Wi-Fi 802.11 b/g,,2.0,2.0,Yes,"GPS, A-GPS",Accelerometer,1230,,,No,,,110.0,,,,,,,,"Black, White",,,,
Gigabyte,Gigabyte GSmart MS802,https://www.gsmarena.com/gigabyte_gsmart_ms802-2879.php,https://fdn2.gsmarena.com/vv/bigpic/gigabyte-gsmart-ms802.jpg,GSM / HSPA,No,"2009, June. Released 2009, Q3",Discontinued,117 x 59.8 x 14.8 mm (4.61 x 2.35 x 0.58 in),130.0,,,Mini-SIM,"TFT resistive touchscreen, 65K colors",,2.8,240x320,143,34.7,,Microsoft Windows Mobile 6.1 Professional,,,520MHz Marvell PXA270,,,,,,,3.15,1,,No,,No,,Yes,,No,,,Wi-Fi 802.11b/g,,2.0,miniUSB 2.0,No,"GPS, A-GPS; SiRF Star III chipset",,1300,,,No,,,,,,,,,,,Iron Gray,,,,"Stereo FM radio, RDS"
Gigabyte,Gigabyte GSmart MW702,https://www.gsmarena.com/gigabyte_gsmart_mw702-2880.php,https://fdn2.gsmarena.com/vv/bigpic/gigabyte-gsmart-mw702.jpg,GSM,No,"2009, June. Released 2009, Q3",Discontinued,117 x 59.8 x 14.8 mm (4.61 x 2.35 x 0.58 in),130.0,,,Mini-SIM,"TFT resistive touchscreen, 65K colors",,2.8,240x320,143,34.7,,Microsoft Windows Mobile 6.1 Professional,,,520MHz Marvell PXA270,,,,,,,3.15,1,,No,,No,,Yes,,No,,,Wi-Fi 802.11b/g,,2.0,miniUSB 2.0,No,"GPS, A-GPS; SiRF Star III chipset",,1300,,,No,,,,,,,,,,,Iron Gray,,,,"Stereo FM radio, RDS"
Gigabyte,Gigabyte GSmart S1200,https://www.gsmarena.com/gigabyte_gsmart_s1200-2720.php,https://fdn2.gsmarena.com/vv/bigpic/gigabyte-gsmart-s1200.jpg,GSM / HSPA,No,"2009, February. Released 2009, August",Discontinued,106 x 52 x 11.4 mm (4.17 x 2.05 x 0.45 in),102.5,,,Mini-SIM,"TFT resistive touchscreen, 65K colors",,3.1,480x800,301,49.6,,Microsoft Windows Mobile 6.1/6.5 Professional,Qualcomm MSM7200A,,528 MHz ARM 11,Adreno 130,,,,,,3.15,1,,No,,No,LED flash,Yes,,No,,,Wi-Fi 802.11b/g,,2.0,miniUSB 2.0,No,"GPS, A-GPS; SiRF Star III chipset",Accelerometer,1010,,,No,,,,,,,,,,,Black,,,,"Stereo FM radio, RDS"
Gigabyte,Gigabyte GSmart MS820,https://www.gsmarena.com/gigabyte_gsmart_ms820-2415.php,https://fdn2.gsmarena.com/vv/bigpic/ms820.jpg,GSM / HSPA,No,"2008, June. Released 2009",Discontinued,116 x 59 x 14.1 mm (4.57 x 2.32 x 0.56 in),105.0,,,Mini-SIM,"TFT resistive touchscreen, 65K colors",,2.8,480x640,286,35.5,,Microsoft Windows Mobile 6.1 Professional,,,Marvell PXA270 520MHz,,,,,,,5.0,1,,No,,No,LED flash,Yes,,No,,,Wi-Fi 802.11b/g,,2.0,miniUSB 2.0,No,"GPS, A-GPS; SiRF Star III chipset",Accelerometer,1300,,,No,,,380.0,,,,,,,,Dark Gray,,,,"Stereo FM radio, RDS"
Gigabyte,Gigabyte GSmart MS800,https://www.gsmarena.com/gigabyte_gsmart_ms800-2414.php,https://fdn2.gsmarena.com/vv/bigpic/ms800.jpg,GSM / HSPA,No,"2008, February. Released 2008, September",Discontinued,116 x 59 x 15 mm (4.57 x 2.32 x 0.59 in),133.0,,,Mini-SIM,"TFT resistive touchscreen, 65K colors",,2.8,240x320,143,35.5,,Microsoft Windows Mobile 6.0 Professional,,,Marvell PXA270 520MHz,,,,,,,2.0,1,,No,,No,,Yes,,No,,,Wi-Fi 802.11b/g,,2.0,miniUSB 1.1,No,"GPS, A-GPS; SiRF Star III chipset",,1300,,,No,,,360.0,,,,,,,,Black,,,,"Stereo FM radio, RDS"
Gigabyte,Gigabyte GSmart MW998,https://www.gsmarena.com/gigabyte_gsmart_mw998-2327.php,https://fdn2.gsmarena.com/vv/bigpic/gsmart_mw998.jpg,GSM,No,"2008, February. Released 2008",Discontinued,110.5 x 55.5 x 18.5 mm (4.35 x 2.19 x 0.73 in),140.0,,,Mini-SIM,"TFT resistive touchscreen, 256K colors (65K effective)",,2.6,480x640,308,34.1,,Microsoft Windows Mobile 6.0 Professional,,,Marvell PXA270 520MHz,,,,,,,2.0,1,,No,,No,,Yes,,No,,,Wi-Fi 802.11b/g,,2.0,miniUSB 1.1,No,No,,1300,,,No,,,,,,,,,,,Black,,,,No
Gigabyte,Gigabyte GSmart MW700,https://www.gsmarena.com/gigabyte_gsmart_mw700-2326.php,https://fdn2.gsmarena.com/vv/bigpic/gsmart-mw700.jpg,GSM,No,"2008, February. Released 2008",Discontinued,116 x 59 x 15 mm (4.57 x 2.32 x 0.59 in),133.0,,,Mini-SIM,"TFT resistive touchscreen, 65K colors",,2.8,240x320,143,35.5,,Microsoft Windows Mobile 6.0 Professional,,,Marvell PXA270 520MHz,,,,,,,2.0,1,,No,,No,,Yes,,No,,,Wi-Fi 802.11b/g,,2.0,miniUSB 1.1,No,"GPS, A-GPS; SiRF Star III chipset",,1300,,,No,,,,,,,,,,,White Light,,,,"Stereo FM radio, RDS"
Gigabyte,Gigabyte GSmart,https://www.gsmarena.com/gigabyte_gsmart-3094.php,https://fdn2.gsmarena.com/vv/bigpic/Gigabyte-GSmart.jpg,GSM / HSPA,No,Not officially announced yet,Cancelled,103 x 54 x 13.4 mm (4.06 x 2.13 x 0.53 in),,,,Mini-SIM,"TFT, 256K colors",,2.8,240x320,143,43.7,,Android 1.6 (Donut),Qualcomm MSM7225 Snapdragon S1,,528 MHz ARM 11,No,,,,,,2.0,1,,No,,No,,Yes,,No,,,Wi-Fi 802.11 b/g,,2.0,Proprietary,Yes,"GPS, A-GPS",Accelerometer,1500,,,No,,,,,,,,,,,Black,,,,
Gigabyte,Gigabyte GSmart i350,https://www.gsmarena.com/gigabyte_gsmart_i350-2072.php,https://fdn2.gsmarena.com/vv/bigpic/gigabyte-i350.gif,GSM,No,"2007, June. Released 2008, December",Discontinued,110 x 54 x 18 mm (4.33 x 2.13 x 0.71 in),130.0,,,Mini-SIM,"TFT resistive touchscreen, 256K colors (65K effective)",,2.6,480x640,308,35.2,,Microsoft Windows Mobile 6.0 Professional,,,Intel XScale PXA270 520 MHz,,,,,,,2.0,1,,No,,No,LED flash,Yes,,No,,,Wi-Fi 802.11b/g,,2.0,miniUSB 2.0,No,"GPS, SiRF Star III chipset",,1300,,,No,,,,,,,,,,,"Black, White",,,,No
Gigabyte,Gigabyte GSmart q60,https://www.gsmarena.com/gigabyte_gsmart_q60-1918.php,https://fdn2.gsmarena.com/vv/bigpic/gigabyte-q60.gif,GSM / HSPA,No,"2007, February",Cancelled,111 x 64 x 14 mm (4.37 x 2.52 x 0.55 in),,,,Mini-SIM,"TFT resistive touchscreen, 256K colors (65K effective)",,2.5,320x240,160,27.2,,Microsoft Windows Mobile 6 Professional,,,Intel XScale PXA270 520MHz,,,,,,"Intel XScale PXA270, 520MHz",2.0,1,,No,,No,LED flash,Yes,,No,,,No,,2.0,miniUSB 2.0,No,No,,,,,No,,,,,,,,,,,Silver,,,,No
Gigabyte,Gigabyte GSmart t600,https://www.gsmarena.com/gigabyte_gsmart_t600-1917.php,https://fdn2.gsmarena.com/vv/bigpic/gigabyte-t600.gif,GSM,No,"2007, February",Discontinued,110 x 55.5 x 18.5 mm (4.33 x 2.19 x 0.73 in),140.0,,,Mini-SIM,"TFT resistive touchscreen, 65K colors",,2.6,480x640,308,34.3,,Microsoft Windows Mobile 6 Professional,,,Intel XScale PXA270 520MHz,,,,,,"Intel XScale PXA270, 520MHz",2.0,1,,No,,No,LED flash,320p,,No,,,Wi-Fi 802.11b/g,,2.0,miniUSB 2.0,No,No,,1300,,,No,,,,,,,,,,,White,,,,T-DMB radio
Gigabyte,Gigabyte GSmart i300,https://www.gsmarena.com/gigabyte_gsmart_i300-1817.php,https://fdn2.gsmarena.com/vv/bigpic/gigabyte-i300.gif,GSM,No,"2006, Q2",Discontinued,102.5 x 51.5 x 19 mm (4.04 x 2.03 x 0.75 in),116.0,,,Mini-SIM,"TFT resistive touchscreen, 256K colors (65K effective)",,2.4,240x320,167,33.8,,Microsoft Windows Mobile 5.0 for PocketPC Phone Edition(AKU2),,,Intel XScale PXA272 520MHz,,,,,,"Intel XScale PXA272, 520MHz",2.1,1,,No,,No,LED flash,Yes,,No,,,Wi-Fi 802.11b/g,,2.0,miniUSB 2.0,No,"GPS, SiRF Star III chipset",,920,,,No,,,300.0,,,,,,,,Silver,,,,No
Gigabyte,Motorola Edge (2026),https://www.gsmarena.com/motorola_edge_5g_(2026)-14705.php,https://fdn2.gsmarena.com/vv/bigpic/motorola-edge-2026.jpg,GSM / HSPA / LTE / 5G,Yes,"2026, June 02","Coming soon. Exp. release 2026, June 11",-,,,IP68,Nano-SIM + eSIM,"AMOLED, 1B colors, 120Hz, HDR, 5200 nits (peak)",120,6.3,1220x2712,472,81.3,Gorilla Glass 7i,Android 16,Mediatek Dimensity 7450 (4 nm),4,Octa-core (4x2.6 GHz Cortex-A78 & 4x2.0 GHz Cortex-A55),Mali-G615 MC2,8,8,128,128,UFS,50.0,3,1.8,Yes,1/1.56,Yes,"LED flash, HDR, panorama","4K@30fps, 1080p@30/60/120fps, gyro-EIS",50.0,Yes,HDR,"4K@30fps, 1080p@30fps",Yes,Yes,,Type-C,No,"GPS, GLONASS, GALILEO, BDS, NavIC","Fingerprint (under display, optical), accelerometer, gyro, proximity, compass, barometer",5500,60,15,No,,,520.0,,,,,,,,Pantone: Martini Olive,,,,No
Gigabyte,Motorola Edge 70 Pro+,https://www.gsmarena.com/motorola_edge_70_pro+_5g-14702.php,https://fdn2.gsmarena.com/vv/bigpic/motorola-edge-70-pro-plus.jpg,GSM / HSPA / LTE / 5G,Yes,"2026, June 01","Coming soon. Exp. release 2026, June",162.7 x 75.6 x 7.2 mm (6.41 x 2.98 x 0.28 in),190.0,Glass,IP68,Nano-SIM + Nano-SIM,"AMOLED, 1B colors, 144Hz, PWM, HDR10+, 1800 (HBM), 5200 nits (peak)",144,6.78,1272x2772,450,91.4,Gorilla Glass 7i,"Android 16, up to 3 major Android upgrades",Mediatek Dimensity 8500 Extreme (4 nm),4,Octa-core (1x3.4 GHz Cortex-A725 & 3x3.2 GHz Cortex-A725 & 4x2.2 GHz Cortex-A725),Mali-G720 MC8,12,12,256,256,UFS 4.1,50.0,3,1.8,Yes,1/1.56,Yes,"LED flash, HDR, panorama, Pantone Validated Colour and Skin Tones","4K@30/60/120fps, 1080p@30/60/120/240fps, gyro-EIS, HDR10+",50.0,Yes,HDR,"4K@30fps, 1080p@30/120fps","Wi-Fi 802.11 a/b/g/n/ac/6e/7, tri-band, Wi-Fi Direct",Yes,5.4,Type-C,No,"GPS, GLONASS, GALILEO","Fingerprint (under display, optical), accelerometer, gyro, proximity, compass",6500,90,15,Yes,,,440.0,,,,,,,,"Pantone: Stormy Sea (Green), Zinfandel (Red), Chicory Coffee (Wood)",,,,No
Gigabyte,Huawei nova 16 Ultra,https://www.gsmarena.com/huawei_nova_16_ultra_5g-14698.php,https://fdn2.gsmarena.com/vv/bigpic/huawei-nova16-ultra.jpg,GSM / HSPA / LTE / 5G,Yes,"2026, June 01","Coming soon. Exp. release 2026, June 06",163 x 78 x 7.1 mm (6.42 x 3.07 x 0.28 in),220.0,Glass,IP68,Nano-SIM + Nano-SIM,"LTPO OLED, 1B colors, HDR Vivid, 120Hz, 2160Hz PWM, 6000 nits (peak)",120,6.84,1320x2856,460,90.4,Kunlun Glass,HarmonyOS 6.1,Kirin 9010S,,,,12,12,256,512,,200.0,3,1.8,Yes,1/1.28,Yes,"Laser AF, color spectrum sensor, LED flash, panorama, HDR","4K, 1080p, gyro-EIS, HDR Vivid",50.0,Yes,"HDR, panorama","4K, 1080p, gyro-EIS, HDR Vivid","Wi-Fi 802.11 a/b/g/n/ac/6/7, dual-band, Wi-Fi Direct",Yes,6.0,Type-C,No,"GPS (L1+L5), BDS (B1I+B1c+B2a), GALILEO (E1+E5a), QZSS (L1+L5), NavIC, GLONASS","Fingerprint (under display, optical), accelerometer, gyro, compass",7000,100,50,Yes,,,600.0,,,,,,,,"Black, White, Blue",HIP-AL00,,,No
Gigabyte,Huawei nova Y74,https://www.gsmarena.com/huawei_nova_y74-14703.php,https://fdn2.gsmarena.com/vv/bigpic/huawei-nova-y74.jpg,GSM / HSPA / LTE,No,"2026, May","Available. Released 2026, May",166.1 x 76.6 x 8.3 mm (6.54 x 3.02 x 0.33 in),210.0,Glass,,Nano-SIM + Nano-SIM,"IPS LCD, 90Hz, 850 nits (peak)",90,6.67,720x1604,264,84.3,,EMUI 12,,,,,8,8,128,256,,50.0,1,1.8,No,,No,"LED flash, HDR, panorama",1080p@30fps,8.0,No,,1080p@30fps,Wi-Fi 802.11 b/g/n,Yes,5.1,Type-C,No,"GPS, GALILEO, GLONASS, BDS, QZSS","Fingerprint (side-mounted), accelerometer, proximity, compass",6620,40,,No,,,,,,,,,,,"Black, Blue",MGA-LX3,,,No
Gigabyte,Wiko X70,https://www.gsmarena.com/wiko_x70_5g-14704.php,https://fdn2.gsmarena.com/vv/bigpic/wiko-x70.jpg,GSM / HSPA / LTE / 5G,Yes,"2025, October","Available. Released 2025, October",161.4 x 74.8 x 7.6 mm (6.35 x 2.94 x 0.30 in),182.0,,,Nano-SIM + Nano-SIM,"AMOLED, 120Hz, 2160Hz PWM, 1300 nits (peak)",120,6.7,1080x2412,394,89.5,Kunlun Glass,HarmonyOS-based,,,,,8,12,256,512,,50.0,1,,No,1/1.56,No,"LED flash, HDR, panorama",1080p@30fps,32.0,No,,1080p@30fps,"Wi-Fi 802.11 a/b/g/n/ac/6, dual-band, Wi-Fi Direct",No,5.2,Type-C,No,"GPS, GLONASS, GALILEO, BDS, QZSS","Fingerprint (side-mounted), accelerometer, compass",6100,40,,No,,,,,,,,,,,"Gleam Black, Vein White, Impress Green",,,,No
Gigabyte,Huawei nova 16 Pro,https://www.gsmarena.com/huawei_nova_16_pro_5g-14699.php,https://fdn2.gsmarena.com/vv/bigpic/huawei-nova16-pro-.jpg,GSM / HSPA / LTE / 5G,Yes,"2026, June 01","Coming soon. Exp. release 2026, June 06",163 x 78 x 7.1 mm (6.42 x 3.07 x 0.28 in),218.0,Glass,IP65,Nano-SIM + Nano-SIM,"LTPO OLED, 1B colors, HDR Vivid, 120Hz, 2160Hz PWM, 6000 nits (peak)",120,6.84,1320x2856,460,90.4,Kunlun Glass,HarmonyOS 6.0,Kirin 9010S,,,,12,12,256,512,,200.0,3,1.8,Yes,1/1.28,Yes,"Laser AF, color spectrum sensor, LED flash, panorama, HDR","4K, 1080p, gyro-EIS, HDR Vivid",50.0,Yes,"HDR, panorama","4K, 1080p, gyro-EIS, HDR Vivid","Wi-Fi 802.11 a/b/g/n/ac/6/7, dual-band, Wi-Fi Direct",Yes,6.0,Type-C,No,"GPS (L1+L5), BDS (B1I+B1c+B2a), GALILEO (E1+E5a), QZSS (L1+L5), NavIC, GLONASS","Fingerprint (under display, optical), accelerometer, gyro, compass",7000,100,,No,,,500.0,,,,,,,,"Black, White, Blue/Pink, Blue",CRS-AL00,,,No
Gigabyte,Huawei nova 16,https://www.gsmarena.com/huawei_nova_16_5g-14700.php,https://fdn2.gsmarena.com/vv/bigpic/huawei-nova16-.jpg,GSM / HSPA / LTE / 5G,Yes,"2026, June 01","Coming soon. Exp. release 2026, June 06",159.6 x 75.5 x 7.3 mm (6.28 x 2.97 x 0.29 in),199.0,Glass,IP65,Nano-SIM + Nano-SIM,"OLED, 1B colors, HDR Vivid, 120Hz, 2160Hz PWM",120,6.68,1280x2800,461,90.3,Aluminosilicate glass,HarmonyOS 6.1,Kirin 9010S,,,,12,12,256,512,,50.0,2,1.9,Yes,1/1.56,Yes,"Color spectrum sensor, LED flash, panorama, HDR","4K, 1080p, gyro-EIS, HDR Vivid",50.0,Yes,"HDR, panorama","4K, 1080p, gyro-EIS, HDR Vivid","Wi-Fi 802.11 a/b/g/n/ac/6/7, dual-band, Wi-Fi Direct",Yes,6.0,Type-C,No,"GPS (L1+L5), BDS (B1I+B1c+B2a), GALILEO (E1+E5a), QZSS (L1+L5), NavIC, GLONASS","Fingerprint (side-mounted), accelerometer, gyro, compass",7000,100,,No,,,380.0,,,,,,,,"Black, White, Blue/Pink, Blue",EMA-AL00U,,,No
Gigabyte,Huawei nova 16z,https://www.gsmarena.com/huawei_nova_16z_5g-14701.php,https://fdn2.gsmarena.com/vv/bigpic/huawei-nova16z.jpg,GSM / HSPA / LTE / 5G,Yes,"2026, June 01","Coming soon. Exp. release 2026, June 06",161.8 x 75.5 x 7.2 mm (6.37 x 2.97 x 0.28 in),196.5,Glass,IP65,Nano-SIM + Nano-SIM,"OLED, 1B colors, HDR Vivid, 120Hz, 2160Hz PWM",120,6.7,1084x2412,395,88.6,Aluminosilicate glass,HarmonyOS 6.1,Kirin 8020,,,,12,12,256,512,,50.0,2,1.9,Yes,1/1.56,Yes,"Color spectrum sensor, LED flash, panorama, HDR","4K, 1080p, gyro-EIS, HDR Vivid",50.0,Yes,"HDR, panorama","4K, 1080p, gyro-EIS, HDR Vivid","Wi-Fi 802.11 a/b/g/n/ac/6/7, dual-band, Wi-Fi Direct",Yes,6.0,Type-C,No,"GPS (L1+L5), BDS (B1I+B1c+B2a), GALILEO (E1+E5a), QZSS (L1+L5), GLONASS, NavIC","Fingerprint (side-mounted), accelerometer, gyro, compass",6000,100,,No,,,340.0,,,,,,,,"Black, White, Blue/Pink",PKN-AL00,,,No
Gigabyte,vivo S60,https://www.gsmarena.com/vivo_s60_5g-14692.php,https://fdn2.gsmarena.com/vv/bigpic/vivo-s60-.jpg,GSM / HSPA / LTE / 5G,Yes,"2026, May 29","Coming soon. Exp. release 2026, June 03",157.5 x 74.3 x 7.9 mm (6.20 x 2.93 x 0.31 in),207.0,Glass,IP68,Nano-SIM + Nano-SIM,"AMOLED, 1B colors, HDR, 144Hz",144,6.59,1260x2750,459,90.7,,"Android 16, OriginOS 6",Qualcomm SM8635 Snapdragon 8s Gen 3 (4 nm),4,Octa-core (1x3.0 GHz Cortex-X4 & 4x2.8 GHz Cortex-A720 & 3x2.0 GHz Cortex-A520),Adreno 735,12,16,256,512,,50.0,3,1.8,Yes,1/1.56,Yes,"Ring-LED flash, panorama, HDR, color spectrum sensor","4K, 1080p, gyro-EIS",50.0,Yes,HDR,"4K, 1080p","Wi-Fi 802.11 a/b/g/n/ac/6, dual-band, Wi-Fi Direct",Yes,5.4,Type-C,No,"GPS (L1), BDS (B1I+B1C), GLONASS (G1), GALILEO (E1), QZSS (L1), A-GPS","Fingerprint (under display, ultrasonic), accelerometer, gyro, compass, proximity",7200,90,,No,,,560.0,,,,,,,,"Starry Sea, Early Summer Green, Midsummer Night",V2571A,,,No
Gigabyte,Xiaomi 17T Pro,https://www.gsmarena.com/xiaomi_17t_pro_5g-14651.php,https://fdn2.gsmarena.com/vv/bigpic/xiaomi-17t-pro.jpg,GSM / HSPA / LTE / 5G,Yes,"2026, May 28","Available. Released 2026, May 28",162.2 x 77.5 x 8.3 mm (6.39 x 3.05 x 0.33 in),219.0,Glass,IP68,· Nano-SIM + Nano-SIM + eSIM + eSIM (max 2 at a time) · Nano-SIM + Nano-SIM,"AMOLED, 68B colors, 144Hz, 3840Hz PWM, Dolby Vision, HDR10+, 600 nits (typ), 2000 nits (HBM), 3500 nits (peak)",144,6.83,1280x2772,447,91.1,Gorilla Glass 7i,"Android 16, HyperOS 3",Mediatek Dimensity 9500 (3 nm),3,Octa-core (1x4.21 GHz C1-Ultra & 3x3.5 GHz C1-Premium & 4x2.7 GHz C1-Pro),Mali-G1 Ultra MC12,12,12,256,512,UFS 4.1,50.0,3,1.7,Yes,1/1.31,Yes,"Leica lens, Color spectrum sensor, Ultra HDR, LED flash, HDR, panorama","8K@30fps, 4K@30/60/120fps, 1080p@30/60/120/240/960fps, gyro-EIS, 10-bit Rec. 2020, HDR10+, Log",32.0,Yes,HDR,"4K@30fps, 1080p@30/60fps, HDR10+","Wi-Fi 802.11 a/b/g/n/ac/6e/7, dual-band, Wi-Fi Direct",Yes,6.0,Type-C,No,"GPS (L1+L5), BDS (B1I+B1C+B2a+B2b), GALILEO (E1+E5a+E5b), QZSS (L1+L5), NavIC (L5), GLONASS","Fingerprint (under display, optical), accelerometer, gyro, proximity, compass",7000,100,50,No,Active use score 21:41h,,999.9,799.0,,2795030,9766,6939,1069,-25.6,"Deep Blue, Deep Violet, Black",2602EPTC0G,,,No
Gigabyte,Xiaomi 17T,https://www.gsmarena.com/xiaomi_17t_5g-14652.php,https://fdn2.gsmarena.com/vv/bigpic/xiaomi-17t.jpg,GSM / HSPA / LTE / 5G,Yes,"2026, May 28","Available. Released 2026, May 28",157.6 x 75.2 x 8.2 mm (6.20 x 2.96 x 0.32 in),200.0,Glass,IP68,· Nano-SIM + Nano-SIM + eSIM + eSIM (max 2 at a time) · Nano-SIM + Nano-SIM,"AMOLED, 68B colors, 120Hz, 3840Hz PWM, Dolby Vision, HDR10+, 3500 nits (peak)",120,6.59,1268x2756,460,89.8,Gorilla Glass 7i,"Android 16, HyperOS 3",Mediatek Dimensity 8500 Ultra (4 nm),4,Octa-core (1x3.4 GHz Cortex-A725 & 3x3.2 GHz Cortex-A725 & 4x2.2 GHz Cortex-A725),Mali-G720 MC8,12,12,256,512,UFS 4.1,50.0,3,1.7,Yes,1/1.55,Yes,"Leica lens, Color spectrum sensor, Ultra HDR, LED flash, HDR, panorama","4K@30/60fps, 1080p@30/60/120/240/960fps, gyro-EIS, 10-bit Rec. 2020, HDR10+, Log",32.0,Yes,HDR,"4K@30fps, 1080p@30/60fps, HDR10+","Wi-Fi 802.11 a/b/g/n/ac/6e, dual-band or tri-band, Wi-Fi Direct",Yes,6.0,Type-C,No,"GPS (L1+L5), BDS (B1I+B1c+B2a), GALILEO (E1+E5a), QZSS (L1+L5), NavIC (L5), GLONASS","Fingerprint (under display, optical), accelerometer, gyro, proximity, compass",6500,67,,No,Active use score 17:16h,,749.9,649.0,,1640834,6607,3563,1035,-24.6,"Violet, Blue, Opal White, Black","2602DPT53G, 2602DPT53I",,,No
Gigabyte,Xiaomi Watch S5 46mm,https://www.gsmarena.com/xiaomi_watch_s5-14696.php,https://fdn2.gsmarena.com/vv/bigpic/xiaomi-watch-s5-.jpg,HSPA / LTE,No,"2026, May 28","Available. Released 2026, May 28",46 x 46 x 11 mm (1.81 x 1.81 x 0.43 in),46.0,Ceramic,,eSIM (market/region dependent),"AMOLED, 1500 nits (HBM), 2500 nits (peak)",,1.48,480x480,323,,Drop-proof glass,Xiaomi HyperOS 3,,,,,,,,,,,,,No,,No,,,,No,,,Yes (file transfer only),Yes,5.4,No,No,"GPS (L1+L5), GLONASS, GALILEO, BDS, QZSS","Accelerometer, gyro, compass, barometer, heart rate, SpO2",815,,,No,,,179.37,,,,,,,,"Black, Silver, Ceramic Blue, Jungle Green, Beige (eSIM)","M2530W1, M2517W1",,,No
Gigabyte,Honor Win Turbo,https://www.gsmarena.com/honor_win_turbo_5g-14684.php,https://fdn2.gsmarena.com/vv/bigpic/honor-win-turbo-.jpg,GSM / HSPA / LTE / 5G,Yes,"2026, May 30","Available. Released 2026, May 30",162.1 x 76.3 x 8 mm (6.38 x 3.00 x 0.31 in),216.0,,IP66,Nano-SIM + Nano-SIM,"AMOLED, 1B colors, 120Hz, HDR Vivid, 3840Hz PWM, 1800 nits (HBM), 8000 nits (peak)",120,6.79,1200x2640,427,90.6,Aluminosilicate glass,"Android 16, MagicOS 10",Mediatek Dimensity 8500 Elite (4 nm),4,Octa-core (1x3.4 GHz Cortex-A725 & 3x3.2 GHz Cortex-A725 & 4x2.2 GHz Cortex-A725),Mali-G720 MC8,12,16,256,512,UFS 4.1,50.0,2,1.9,Yes,,Yes,"LED flash, HDR, panorama","4K@30fps, 1080p@30fps, gyro-EIS",16.0,No,,1080p@30fps,"Wi-Fi 802.11 a/b/g/n/ac/6, dual-band, Wi-Fi Direct",Yes,6.0,Type-C,No,"GPS (L1+L5), GLONASS, BDS (B1I+B1c+B2a), GALILEO (E1 + E5a), QZSS (L1+L5), NavIC","Fingerprint (under display, optical), accelerometer, gyro, compass, proximity (ultrasonic)",10000,80,,No,,,330.0,,,,,,,,"Black, White, Blue",SER-AN00,,,No
Gigabyte,Realme 16T,https://www.gsmarena.com/realme_16t_5g-14674.php,https://fdn2.gsmarena.com/vv/bigpic/realme-16t.jpg,GSM / HSPA / LTE / 5G,Yes,"2026, May 22","Available. Released 2026, May 26",166.4 x 78.2 x 8.8 mm (6.55 x 3.08 x 0.35 in),224.0,Glass,IP68,Nano-SIM + Nano-SIM,"AMOLED, 144Hz, 1200 nits (HBM)",144,6.81,720x1570,254,87.1,Panda-1681 glass,"Android 16, Realme UI 7.0",Mediatek Dimensity 6300 (6 nm),6,Octa-core (2x2.4 GHz Cortex-A76 & 6x2.0 GHz Cortex-A55),Mali-G57 MC2,6,8,128,256,UFS 2.2,50.0,2,1.8,No,1/2.93,No,"LED flash, HDR, panorama",1080p@30/60fps,16.0,No,,1080p@30fps,"Wi-Fi 802.11 a/b/g/n/ac, dual-band",No,5.3,Type-C,No,"GPS, GLONASS, GALILEO, BDS, QZSS","Fingerprint (side-mounted), accelerometer, proximity, compass",8000,45,,No,Active use score 22:43h,,270.0,,,438780,2016,385,,,"Starlight Red, Starlight Black, Aurora Green",RMX5268,,,No
Gigabyte,Honor 600,https://www.gsmarena.com/honor_600_5g-14605.php,https://fdn2.gsmarena.com/vv/bigpic/honor-600.jpg,GSM / HSPA / LTE / 5G,Yes,"2026, April 22","Available. Released 2026, May 18",156 x 74.7 x 7.8 mm (6.14 x 2.94 x 0.31 in),185.0,Glass,IP68,· Nano-SIM + eSIM · Nano-SIM + Nano-SIM + eSIM (max 2 at a time),"AMOLED, 1B colors, 120Hz, 3840Hz PWM, HDR Vivid, 8000 nits (peak)",120,6.57,1264x2728,458,91.2,Mohs level 4,"Android 16, up to 6 major Android upgrades, MagicOS 10",Qualcomm SM7750-AB Snapdragon 7 Gen 4 (4 nm),4,Octa-core (1x2.8 GHz Cortex-720 & 4x2.4 GHz Cortex-720 & 3x1.8 GHz Cortex-520),Adreno 722,8,12,128,512,,200.0,2,1.9,Yes,1/1.4,Yes,"Color spectrum sensor, LED flash, HDR, panorama","4K@30fps, 1080p@30/60fps, gyro-EIS, OIS",50.0,Yes,HDR,"4K@30fps, 1080p@30/60fps, gyro-EIS","Wi-Fi 802.11 a/b/g/n/ac/6/7, dual-band or tri-band, Wi-Fi Direct",Yes,5.4,Type-C,No,"GPS, GLONASS, GALILEO, BDS, QZSS, NavIC","Fingerprint (under display, optical), accelerometer, gyro, proximity (ultrasound), compass",7000,80,,No,Active use score 16:58h,505.56,487.49,399.0,,1087148,4090,1797,1749,-25.1,"Golden White, Black, Orange",VKJ-NX9,,,No
Gigabyte,Sony Xperia 1 VIII,https://www.gsmarena.com/sony_xperia_1_viii_5g-14660.php,https://fdn2.gsmarena.com/vv/bigpic/sony-xperia-1-viii.jpg,GSM / HSPA / LTE / 5G,Yes,"2026, May 13","Coming soon. Exp. release 2026, June 19",162 x 74 x 8.3 mm (6.38 x 2.91 x 0.33 in),200.0,Glass,IP65,Nano-SIM + eSIM + eSIM (max 2 at a time),"LTPO OLED, 1B colors, 120Hz, HDR BT.2020",120,6.5,1080x2340,396,86.5,Gorilla Glass Victus,"Android 16, up to 4 major Android upgrades",Qualcomm SM8850-AC Snapdragon 8 Elite Gen 5 (3 nm),3,Octa-core (2x4.6 GHz Oryon V3 Phoenix L + 6x3.62 GHz Oryon V3 Phoenix M),Adreno 840,12,16,256,512,UFS,48.0,3,1.9,Yes,1/1.35,Yes,"Zeiss optics, Zeiss T* lens coating, color spectrum sensor, LED flash, panorama, HDR, eye tracking","4K@24/30/60/120fps HDR, 1080p@30/60/120fps; 5-axis gyro-EIS, OIS",12.0,Yes,HDR,"4K@30/60fps, 1080p@30/60fps, 5-axis gyro-EIS","Wi-Fi 802.11 a/b/g/n/ac/6e/7, tri-band, Wi-Fi Direct, DLNA",Yes,6.0,Type-C,Yes,"GPS, GLONASS, BDS, GALILEO, QZSS","Fingerprint (side-mounted), accelerometer, gyro, proximity, barometer, compass",5000,30,15,Yes,Active use score 17:47h,,1499.0,1399.0,,2312684,9278,6962,1510,-25.5,"Graphite Black, Iolite Silver, Garnet Red, Native Gold","XQ-GE54, XQ-GE74, XQGE54, XQGE74, XQ-GE44, XQGE44, XQ-FS54, XQFS54, SO-51G",,,No
Gigabyte,Honor 600 Pro,https://www.gsmarena.com/honor_600_pro_5g-14604.php,https://fdn2.gsmarena.com/vv/bigpic/honor-600-pro.jpg,GSM / HSPA / LTE / 5G,Yes,"2026, April 22","Available. Released 2026, April 29",156 x 74.7 x 7.8 mm (6.14 x 2.94 x 0.31 in),195.0,Glass,IP68,· Nano-SIM + eSIM · Nano-SIM + Nano-SIM + eSIM (max 2 at a time),"AMOLED, 1B colors, 120Hz, 3840Hz PWM, HDR Vivid, 8000 nits (peak)",120,6.57,1264x2728,458,91.2,Mohs level 4,"Android 16, up to 6 major Android upgrades, MagicOS 10",Qualcomm SM8750-AB Snapdragon 8 Elite (3 nm),3,Octa-core (2x4.32 GHz Oryon V2 Phoenix L + 6x3.53 GHz Oryon V2 Phoenix M),Adreno 830 (1200 MHz),12,16,256,512,,200.0,3,1.9,Yes,1/1.4,Yes,"Color spectrum sensor, LED flash, HDR, panorama","4K@30/60fps, 1080p@30/60fps, gyro-EIS, OIS",50.0,Yes,HDR,"4K@30fps, 1080p@30/60fps, gyro-EIS","Wi-Fi 802.11 a/b/g/n/ac/6/7, dual-band or tri-band, Wi-Fi Direct",Yes,6.0,Type-C,No,"GPS, GLONASS, GALILEO, BDS, QZSS, NavIC","Fingerprint (under display, optical), accelerometer, gyro, proximity (ultrasound), compass",7000,80,50,No,Active use score 17:55h,797.02,,649.0,,2221352,7970,5309,1766,-24.8,"Golden White, Black, Orange",VKP-NX9,,,No
Gigabyte,Motorola Moto G87,https://www.gsmarena.com/motorola_moto_g87_5g-14644.php,https://fdn2.gsmarena.com/vv/bigpic/motorola-g87.jpg,GSM / HSPA / LTE / 5G,Yes,"2026, April 29","Available. Released 2026, May 15",164.5 x 77.3 x 7.3 mm (6.48 x 3.04 x 0.29 in),183.0,Glass,IP68,· Nano-SIM + eSIM · Nano-SIM + Nano-SIM,"AMOLED, 1B colors, 120Hz, HDR, 5000 nits (peak)",120,6.78,1272x2772,450,88.4,Gorilla Glass 7i,Android 16,Mediatek Dimensity 6400 (6 nm),6,Octa-core (2x2.5 GHz Cortex-A76 & 6x2.0 GHz Cortex-A55),Mali-G57 MC2,8,12,256,512,UFS 2.2,200.0,2,1.8,Yes,,No,"LED flash, HDR, panorama","1440p@30fps, 1080p@30/60fps",32.0,No,,"1440p@30fps, 1080p@30fps","Wi-Fi 802.11 a/b/g/n/ac, dual-band",Yes,5.4,Type-C,No,"GPS, GLONASS, GALILEO, BDS, QZSS","Fingerprint (under display, optical), accelerometer, gyro, proximity, compass",5200,30,,No,,,399.0,379.98,,,,,,,"Pantone: Overture, Blue Atoll",XT2621-6,,,No
Gigabyte,Xiaomi 17T Pro,https://www.gsmarena.com/xiaomi_17t_pro-14651.php,https://fdn2.gsmarena.com/vv/bigpic/xiaomi-17t-pro.jpg,GSM / HSPA / LTE / 5G,Yes,"2026, May 28","Available. Released 2026, May 28",162.2 x 77.5 x 8.3 mm (6.39 x 3.05 x 0.33 in),219.0,Glass,IP68,· Nano-SIM + Nano-SIM + eSIM + eSIM (max 2 at a time) · Nano-SIM + Nano-SIM,"AMOLED, 68B colors, 144Hz, 3840Hz PWM, Dolby Vision, HDR10+, 600 nits (typ), 2000 nits (HBM), 3500 nits (peak)",144,6.83,1280x2772,447,91.1,Gorilla Glass 7i,"Android 16, HyperOS 3",Mediatek Dimensity 9500 (3 nm),3,Octa-core (1x4.21 GHz C1-Ultra & 3x3.5 GHz C1-Premium & 4x2.7 GHz C1-Pro),Mali-G1 Ultra MC12,12,12,256,512,UFS 4.1,50.0,3,1.7,Yes,1/1.31,Yes,"Leica lens, Color spectrum sensor, Ultra HDR, LED flash, HDR, panorama","8K@30fps, 4K@30/60/120fps, 1080p@30/60/120/240/960fps, gyro-EIS, 10-bit Rec. 2020, HDR10+, Log",32.0,Yes,HDR,"4K@30fps, 1080p@30/60fps, HDR10+","Wi-Fi 802.11 a/b/g/n/ac/6e/7, dual-band, Wi-Fi Direct",Yes,6.0,Type-C,No,"GPS (L1+L5), BDS (B1I+B1C+B2a+B2b), GALILEO (E1+E5a+E5b), QZSS (L1+L5), NavIC (L5), GLONASS","Fingerprint (under display, optical), accelerometer, gyro, proximity, compass",7000,100,50,No,Active use score 21:41h,,999.9,799.0,,2795030,9766,6939,1069,-25.6,"Deep Blue, Deep Violet, Black",2602EPTC0G,,,No
Gigabyte,Motorola Edge 70 Pro+,https://www.gsmarena.com/motorola_edge_70_pro+-14702.php,https://fdn2.gsmarena.com/vv/bigpic/motorola-edge-70-pro-plus.jpg,GSM / HSPA / LTE / 5G,Yes,"2026, June 01","Coming soon. Exp. release 2026, June",162.7 x 75.6 x 7.2 mm (6.41 x 2.98 x 0.28 in),190.0,Glass,IP68,Nano-SIM + Nano-SIM,"AMOLED, 1B colors, 144Hz, PWM, HDR10+, 1800 (HBM), 5200 nits (peak)",144,6.78,1272x2772,450,91.4,Gorilla Glass 7i,"Android 16, up to 3 major Android upgrades",Mediatek Dimensity 8500 Extreme (4 nm),4,Octa-core (1x3.4 GHz Cortex-A725 & 3x3.2 GHz Cortex-A725 & 4x2.2 GHz Cortex-A725),Mali-G720 MC8,12,12,256,256,UFS 4.1,50.0,3,1.8,Yes,1/1.56,Yes,"LED flash, HDR, panorama, Pantone Validated Colour and Skin Tones","4K@30/60/120fps, 1080p@30/60/120/240fps, gyro-EIS, HDR10+",50.0,Yes,HDR,"4K@30fps, 1080p@30/120fps","Wi-Fi 802.11 a/b/g/n/ac/6e/7, tri-band, Wi-Fi Direct",Yes,5.4,Type-C,No,"GPS, GLONASS, GALILEO","Fingerprint (under display, optical), accelerometer, gyro, proximity, compass",6500,90,15,Yes,,,440.0,,,,,,,,"Pantone: Stormy Sea (Green), Zinfandel (Red), Chicory Coffee (Wood)",,,,No
Gigabyte,Xiaomi 17T,https://www.gsmarena.com/xiaomi_17t-14652.php,https://fdn2.gsmarena.com/vv/bigpic/xiaomi-17t.jpg,GSM / HSPA / LTE / 5G,Yes,"2026, May 28","Available. Released 2026, May 28",157.6 x 75.2 x 8.2 mm (6.20 x 2.96 x 0.32 in),200.0,Glass,IP68,· Nano-SIM + Nano-SIM + eSIM + eSIM (max 2 at a time) · Nano-SIM + Nano-SIM,"AMOLED, 68B colors, 120Hz, 3840Hz PWM, Dolby Vision, HDR10+, 3500 nits (peak)",120,6.59,1268x2756,460,89.8,Gorilla Glass 7i,"Android 16, HyperOS 3",Mediatek Dimensity 8500 Ultra (4 nm),4,Octa-core (1x3.4 GHz Cortex-A725 & 3x3.2 GHz Cortex-A725 & 4x2.2 GHz Cortex-A725),Mali-G720 MC8,12,12,256,512,UFS 4.1,50.0,3,1.7,Yes,1/1.55,Yes,"Leica lens, Color spectrum sensor, Ultra HDR, LED flash, HDR, panorama","4K@30/60fps, 1080p@30/60/120/240/960fps, gyro-EIS, 10-bit Rec. 2020, HDR10+, Log",32.0,Yes,HDR,"4K@30fps, 1080p@30/60fps, HDR10+","Wi-Fi 802.11 a/b/g/n/ac/6e, dual-band or tri-band, Wi-Fi Direct",Yes,6.0,Type-C,No,"GPS (L1+L5), BDS (B1I+B1c+B2a), GALILEO (E1+E5a), QZSS (L1+L5), NavIC (L5), GLONASS","Fingerprint (under display, optical), accelerometer, gyro, proximity, compass",6500,67,,No,Active use score 17:16h,,749.9,649.0,,1640834,6607,3563,1035,-24.6,"Violet, Blue, Opal White, Black","2602DPT53G, 2602DPT53I",,,No
Gigabyte,Samsung Galaxy A57,https://www.gsmarena.com/samsung_galaxy_a57-14379.php,https://fdn2.gsmarena.com/vv/bigpic/samsung-galaxy-a57.jpg,GSM / HSPA / LTE / 5G,Yes,"2026, March 25","Available. Released 2026, April 9",161.5 x 76.8 x 6.9 mm (6.36 x 3.02 x 0.27 in),179.0,Glass,IP68,· Nano-SIM + eSIM · Nano-SIM + Nano-SIM + eSIM + eSIM (max 2 at a time),"Super AMOLED+, 120Hz, HDR10+, 1200 nits (HBM), 1900 nits (peak)",120,6.7,1080x2340,385,88.8,Gorilla Glass Victus+,"Android 16, up to 6 major Android upgrades, One UI 8.5",Exynos 1680 (4 nm),4,Octa-core (1x2.9 GHz Cortex-720 & 4x2.6 GHz Cortex-720 & 3x1.95 GHz Cortex-520),Xclipse 550,8,12,128,512,UFS 3.1,50.0,3,1.8,Yes,1/1.56,Yes,"Best Face, LED flash, panorama, HDR","4K@30fps, 1080p@30/60fps, gyro-EIS",12.0,Yes,,"4K@30fps, 1080p@30/60fps, 10-bit HDR","Wi-Fi 802.11 a/b/g/n/ac/6e, dual-band or tri-band, Wi-Fi Direct",Yes,6.0,Type-C,No,"GPS, GALILEO, GLONASS, BDS, QZSS","Fingerprint (under display, optical), accelerometer, gyro, proximity, compass",5000,45,,No,Active use score 13:59h,489.99,339.0,385.05,51950,1001995,4411,1742,1309,-26.3,"Navy, Gray, Icyblue, Lilac","SM-A576B, SM-A576B/DS, SM-A576Q, SM-A576U1, SM-A576W, SM-A576Z, SM-A5760",0.85 W/kg (head) 1.20 W/kg (body),0.70 W/kg (head) 1.07 W/kg (body),No
Gigabyte,Huawei nova 16 Ultra,https://www.gsmarena.com/huawei_nova_16_ultra-14698.php,https://fdn2.gsmarena.com/vv/bigpic/huawei-nova16-ultra.jpg,GSM / HSPA / LTE / 5G,Yes,"2026, June 01","Coming soon. Exp. release 2026, June 06",163 x 78 x 7.1 mm (6.42 x 3.07 x 0.28 in),220.0,Glass,IP68,Nano-SIM + Nano-SIM,"LTPO OLED, 1B colors, HDR Vivid, 120Hz, 2160Hz PWM, 6000 nits (peak)",120,6.84,1320x2856,460,90.4,Kunlun Glass,HarmonyOS 6.1,Kirin 9010S,,,,12,12,256,512,,200.0,3,1.8,Yes,1/1.28,Yes,"Laser AF, color spectrum sensor, LED flash, panorama, HDR","4K, 1080p, gyro-EIS, HDR Vivid",50.0,Yes,"HDR, panorama","4K, 1080p, gyro-EIS, HDR Vivid","Wi-Fi 802.11 a/b/g/n/ac/6/7, dual-band, Wi-Fi Direct",Yes,6.0,Type-C,No,"GPS (L1+L5), BDS (B1I+B1c+B2a), GALILEO (E1+E5a), QZSS (L1+L5), NavIC, GLONASS","Fingerprint (under display, optical), accelerometer, gyro, compass",7000,100,50,Yes,,,600.0,,,,,,,,"Black, White, Blue",HIP-AL00,,,No
Gigabyte,Samsung Galaxy S26 Ultra,https://www.gsmarena.com/samsung_galaxy_s26_ultra-14320.php,https://fdn2.gsmarena.com/vv/bigpic/samsung-galaxy-s26-ultra-new.jpg,GSM / CDMA / HSPA / EVDO / LTE / 5G,Yes,"2026, February 25","Available. Released 2026, March 06",163.6 x 78.1 x 7.9 mm (6.44 x 3.07 x 0.31 in),214.0,Glass,IP68,· Nano-SIM + Nano-SIM + eSIM + eSIM (max 2 at a time) - INT · Nano-SIM + eSIM + eSIM (max 2 at a time) - USA · Nano-SIM + Nano-SIM - CN,"Dynamic LTPO AMOLED 2X, 120Hz, HDR10+, 2600 nits (peak)",120,6.9,1440x3120,500,90.7,"Corning Gorilla Armor 2, Mohs level 6","Android 16, up to 7 major Android upgrades, One UI 8.5",Qualcomm SM8850-1-AD Snapdragon 8 Elite Gen 5 (3 nm),3,Octa-core (2x4.74 GHz Oryon V3 Phoenix L + 6x3.62 GHz Oryon V3 Phoenix M),Adreno 840 (1.3GHz),12,16,256,512,UFS 4.X,200.0,4,1.4,Yes,1/1.3,Yes,"Laser AF, Best Face, Horizon Lock, LED flash, auto-HDR, panorama","8K@24/30fps, 4K@30/60/120fps, 1080p@30/60/120/240fps, 10-bit HDR, HDR10+, stereo sound rec., gyro-EIS",12.0,Yes,"HDR, HDR10+","4K@30/60fps, 1080p@30fps","Wi-Fi 802.11 a/b/g/n/ac/6e/7, tri-band, Wi-Fi Direct",Yes,6.0,Type-C,No,"GPS, GLONASS, BDS, GALILEO, QZSS","Fingerprint (under display, ultrasonic), accelerometer, gyro, proximity, compass, barometer",5000,60,25,Yes,Active use score 16:23h,1019.99,957.0,889.0,119760,2627986,11566,7744,1480,-25.9,"Cobalt Violet, Sky Blue, Black, White, Silver Shadow, Pink Gold","SM-S948B, SM-S948B/DS, SM-S948U, SM-S948U1, SM-S948W, SM-S948N, SM-S9480, SM-S948E, SM-S948E/DS",1.09 W/kg (head) 1.19 W/kg (body),1.28 W/kg (head) 1.35 W/kg (body),No
Gigabyte,Samsung Galaxy A17,https://www.gsmarena.com/samsung_galaxy_a17-14041.php,https://fdn2.gsmarena.com/vv/bigpic/samsung-galaxy-a17-5g.jpg,GSM / HSPA / LTE / 5G,Yes,"2025, August 06","Available. Released 2025, August 14",164.4 x 77.9 x 7.5 mm (6.47 x 3.07 x 0.30 in),192.0,Glass,IP54,· Nano-SIM · Nano-SIM + eSIM · Nano-SIM + Nano-SIM,"Super AMOLED, 90Hz, 800 nits (HBM)",90,6.7,1080x2340,385,86.0,Gorilla Glass Victus,"Android 15, up to 6 major Android upgrades, One UI 8.5",Exynos 1330 (5 nm),5,Octa-core (2x2.4 GHz Cortex-A78 & 6x2.0 GHz Cortex-A55),Mali-G68 MP2,4,8,128,256,,50.0,3,1.8,Yes,1/2.76,No,"LED flash, panorama, HDR","1080p@30fps, gyro-EIS",13.0,No,,1080p@30fps,"Wi-Fi 802.11 a/b/g/n/ac, dual-band, Wi-Fi Direct",Yes,5.3,Type-C,No,"GPS, GALILEO, GLONASS, BDS, QZSS","Fingerprint (side-mounted), accelerometer, gyro, compass",5000,25,,No,Active use score 11:48h,99.88,134.95,114.99,18780,435787,2048,365,738,-26.4,"Black, Gray, Blue","SM-A176B, SM-A176B/DS",,0.67 W/kg (head) 0.97 W/kg (body),No
Gigabyte,Apple iPhone 17 Pro Max,https://www.gsmarena.com/apple_iphone_17_pro_max-13964.php,https://fdn2.gsmarena.com/vv/bigpic/apple-iphone-17-pro-max.jpg,GSM / CDMA / HSPA / EVDO / LTE / 5G,Yes,"2025, September 09","Available. Released 2025, September 19",163.4 x 78 x 8.8 mm (6.43 x 3.07 x 0.35 in),233.0,Ceramic,IP68,"· Nano-SIM + eSIM + eSIM (max 2 at a time; International) · eSIM + eSIM (8 or more, max 2 at a time; USA) · Nano-SIM + Nano-SIM (China)","LTPO Super Retina XDR OLED, 120Hz, HDR10, Dolby Vision, 1000 nits (typ), 1600 nits (HBM), 3000 nits (peak)",120,6.9,1320x2868,460,90.7,Ceramic Shield 2,"iOS 26, upgradable to iOS 26.5",Apple A19 Pro (3 nm),3,Hexa-core (2x4.26 GHz + 4x2.60 GHz),Apple GPU (6-core graphics),12,12,256,512,NVMe,48.0,3,1.8,Yes,1/1.28,Yes,"Dual-LED dual-tone flash, HDR (photo/panorama)","4K@24/25/30/60/100/120fps, 1080p@25/30/60/120/240fps, 10-bit HDR, Dolby Vision HDR (up to 120fps), ProRes, ProRes RAW (up to 120fps), Apple Log 2, 3D (spatial) video/audio, stereo sound rec.",18.0,Yes,"HDR, Dolby Vision HDR, 3D (spatial) audio, stereo sound rec., ProRes RAW, Apple Log 2","4K@24/25/30/60fps, 1080p@25/30/60/120fps, gyro-EIS","Wi-Fi 802.11 a/b/g/n/ac/6e/7, tri-band, hotspot",Yes,6.0,Type-C,No,"GPS (L1+L5), GLONASS, GALILEO, BDS, QZSS, NavIC","Face ID, accelerometer, gyro, proximity, compass, barometer",4823,25,25,No,Active use score 17:58h,965.76,1194.0,1038.99,149900,2600583,10118,6010,1000,-26.2,"Silver, Cosmic Orange, Deep Blue","iPhone18,2, A3526, A3257, A3527, A3525",1.19 W/kg (head) 1.19 W/kg (body),1.49 W/kg (head) 1.49 W/kg (body),No
Gigabyte,Xiaomi Redmi Note 15,https://www.gsmarena.com/xiaomi_redmi_note_15-14328.php,https://fdn2.gsmarena.com/vv/bigpic/xiaomi-redmi-note-15-global.jpg,GSM / HSPA / LTE / 5G,Yes,"2025, December 18","Available. Released 2026, January 06",164 x 75.4 x 7.4 mm (6.46 x 2.97 x 0.29 in),178.0,Glass,IP66,Nano-SIM + Nano-SIM,"AMOLED, 68B colors, 120Hz, 3840Hz PWM, HDR10+, 800 nits (typ), 3200 nits (peak)",120,6.77,1080x2392,388,89.7,"Scratch/drop-resistant glass, Mohs level","Android 15, up to 4 major Android upgrades, HyperOS 2",Qualcomm SM6475-AB Snapdragon 6 Gen 3 (4 nm),4,Octa-core (4x2.4 GHz Cortex-A78 & 4x1.8 GHz Cortex-A55),Adreno 710,6,12,128,512,UFS 2.2,108.0,2,1.7,Yes,1/1.67,Yes,"LED flash, HDR, panorama","4K@30fps, 1080p@30fps, gyro-EIS, OIS",20.0,No,,1080p@30fps,"Wi-Fi 802.11 a/b/g/n/ac, dual-band, Wi-Fi Direct",Yes,5.1,Type-C,No,"GPS, GLONASS, BDS, GALILEO","Fingerprint (under display, optical), accelerometer, gyro, compass",5520,45,,No,Active use score 14:12h,252.0,199.0,189.0,21189,637266,2958,861,1524,-23.4,"Black, Glacier Blue, Mist Purple","25096RA9BG, 25098RA98G",,1.00 W/kg (head) 0.99 W/kg (body),No
Gigabyte,Xiaomi Poco X8 Pro,https://www.gsmarena.com/xiaomi_poco_x8_pro-14506.php,https://fdn2.gsmarena.com/vv/bigpic/xiaomi-poco-x8-pro.jpg,GSM / HSPA / LTE / 5G,Yes,"2026, March 17","Available. Released 2026, March 17",157.5 x 75.2 x 8.4 mm (6.20 x 2.96 x 0.33 in),201.5,Glass,IP68,Nano-SIM + Nano-SIM,"AMOLED, 68B colors, 120Hz, 3840Hz PWM, Dolby Vision, HDR10+, 2000 nits (HBM), 3500 nits (peak)",120,6.59,1268x2756,460,89.8,Gorilla Glass 7i,"Android 16, HyperOS 3",Mediatek Dimensity 8500 Ultra (4 nm),4,Octa-core (1x3.4 GHz Cortex-A725 & 3x3.2 GHz Cortex-A725 & 4x2.2 GHz Cortex-A725),Mali-G720 MC8,8,12,256,512,UFS 4.1,50.0,2,1.5,Yes,1/1.95,Yes,"LED flash, HDR, panorama","4K@30/60fps, 1080p@30/60/120/240/960fps, gyro-EIS, HDR10+",20.0,No,,1080p@30/60fps,"Wi-Fi 802.11 a/b/g/n/ac/6, dual-band, Wi-Fi Direct",Yes,6.0,Type-C,No,"GPS (L1+L5), BDS (B1I+B1c+B2a), GALILEO (E1+E5a), QZSS (L1+L5), NavIC (L5), GLONASS","Fingerprint (under display, optical), accelerometer, gyro, compass, proximity",6500,100,,No,Active use score 16:52h,367.0,289.25,279.0,,1663640,6298,4103,1090,-24.8,"Black, White, Mint Green, Yellow",2511FPC34G,,,No
Gigabyte,Samsung Galaxy A56,https://www.gsmarena.com/samsung_galaxy_a56-13603.php,https://fdn2.gsmarena.com/vv/bigpic/samsung-galaxy-a56-.jpg,GSM / HSPA / LTE / 5G,Yes,"2025, March 02","Available. Released 2025, March 10",162.2 x 77.5 x 7.4 mm (6.39 x 3.05 x 0.29 in),198.0,Glass,IP67,· Nano-SIM + eSIM · Nano-SIM + Nano-SIM + eSIM + eSIM (max 2 at a time),"Super AMOLED, 120Hz, HDR10+, 1200 nits (HBM), 1900 nits (peak)",120,6.7,1080x2340,385,87.7,Gorilla Glass Victus+,"Android 15, up to 6 major Android upgrades, One UI 8.5",Exynos 1580 (4 nm),4,Octa-core (1x2.9 GHz Cortex-A720 & 3x2.6 GHz Cortex-A720 & 4x1.9 GHz Cortex-A520),Xclipse 540,6,12,128,256,UFS 3.1,50.0,3,1.8,Yes,1/1.56,Yes,"Best Face, LED flash, panorama, HDR","4K@30fps, 1080p@30/60fps, gyro-EIS",12.0,Yes,,"4K@30fps, 1080p@30fps, 1080p@60fps (regional availability), 10-bit HDR","Wi-Fi 802.11 a/b/g/n/ac/6, dual-band, Wi-Fi Direct",Yes,5.3,Type-C,No,"GPS, GALILEO, GLONASS, BDS, QZSS","Fingerprint (under display, optical), accelerometer, gyro, compass",5000,45,,No,Active use score 12:08h,359.5,275.68,267.98,38999,908689,3899,1332,1213,-26.2,"Pink, Olive, Graphite, Lightgray","SM-A566V, SM-A566B, SM-A566B/DS, SM-A566E, SM-A566E/DS, SM-A5660, SM-A566U, SM-A566U1, SM-A566W, SM-A566S",1.32 W/kg (head),0.61 W/kg (head) 1.05 W/kg (body),No
Gigabyte,Xiaomi 15 Ultra,https://www.gsmarena.com/xiaomi_15_ultra-13657.php,https://fdn2.gsmarena.com/vv/bigpic/xiaomi-15-ultra-.jpg,GSM / HSPA / LTE / 5G,Yes,"2025, February 27","Available. Released 2025, February 27",161.3 x 75.3 x 9.4 mm (6.35 x 2.96 x 0.37 in),226.0,Glass,IP68,· Nano-SIM + Nano-SIM · Nano-SIM + Nano-SIM + eSIM + eSIM (max 2 at a time),"LTPO AMOLED, 68B colors, 120Hz, 1920Hz PWM, Dolby Vision, HDR10+, HDR Vivid, 3200 nits (peak)",120,6.73,1440x3200,522,89.7,"Xiaomi Shield Glass 2.0, Mohs level 6","Android 15, up to 4 major Android upgrades, HyperOS 3",Qualcomm SM8750-AB Snapdragon 8 Elite (3 nm),3,Octa-core (2x4.32 GHz Oryon V2 Phoenix L + 6x3.53 GHz Oryon V2 Phoenix M),Adreno 830,12,16,256,512,UFS 4.1,50.0,4,1.6,Yes,1/2.51,Yes,"Laser AF, color spectrum sensor, Leica lenses, Dual-LED flash, HDR, panorama, 67mm filter ring holder (optional)","8K@30fps, 4K@30/60/120fps, 1080p@30/60/120/240/480/960/1920fps, gyro-EIS, Dolby Vision HDR 10-bit rec. (4K@60fps, 1080p)",32.0,Yes,"HDR, panorama","4K@30/60fps, 1080p@30/60fps, gyro-EIS","Wi-Fi 802.11 a/b/g/n/ac/6e/7, dual-band or tri-band, Wi-Fi Direct",Yes,6.0,Type-C,No,"GPS (L1+L5), BDS (B1I+B1c+B2a), GALILEO (E1+E5a), QZSS (L1+L5), NavIC (L5), GLONASS","Fingerprint (under display, ultrasonic), accelerometer, proximity, gyro, compass, barometer",5410,90,80,Yes,Active use score 16:13h,,776.09,1053.1,,,,,,-24.1,"Black, White, Silver Chrome, Green",25010PN30G,,1.00 W/kg (head) 1.00 W/kg (body),No
Gigabyte,Xiaomi Poco X7 Pro,https://www.gsmarena.com/xiaomi_poco_x7_pro-13582.php,https://fdn2.gsmarena.com/vv/bigpic/xiaomi-poco-x7-pro.jpg,GSM / HSPA / LTE / 5G,Yes,"2025, January 09","Available. Released 2025, January 09",160.8 x 75.2 x 8.3 mm (6.33 x 2.96 x 0.33 in),195.0,Glass,IP68,Nano-SIM + Nano-SIM,"AMOLED, 68B colors, 120Hz, 1920Hz PWM, Dolby Vision, HDR10+, 1400 nits (HBM), 3200 nits (peak)",120,6.67,1220x2712,446,88.8,Gorilla Glass 7i,"Android 15, HyperOS 2",Mediatek Dimensity 8400 Ultra (4 nm),4,Octa-core (1x3.25 GHz Cortex-A725 & 3x3.0 GHz Cortex-A725 & 4x2.1 GHz Cortex-A725),Mali-G720 MC7,8,12,256,512,UFS 4.0,50.0,2,1.5,Yes,1/1.95,Yes,"LED flash, HDR, panorama","4K@24/30/60fps, 1080p@30/60/120/240/960fps, HDR10+, gyro-EIS, OIS",20.0,No,,1080p@30fps,"Wi-Fi 802.11 a/b/g/n/ac/6, dual-band, Wi-Fi Direct",Yes,5.4,Type-C,No,"GPS (L1+L5), GLONASS (G1), BDS (B1I+B1c+B2a), GALILEO (E1+E5a), NavIC (L5)","Fingerprint (under display, optical), accelerometer, gyro, proximity, compass",6000,90,,No,Active use score 12:43h,374.0,319.0,259.0,30999,1568331,6311,3880,1265,-24.7,"Black/Yellow, White, Green, Red (Iron Man Edition)","2412DPC0AG, 2412DPC0AI",1.09 W/kg (head) 1.08 W/kg (body),0.99 W/kg (head) 0.99 W/kg (body),No
Gigabyte,Xiaomi 17 Pro Max,https://www.gsmarena.com/xiaomi_17_pro_max-14181.php,https://fdn2.gsmarena.com/vv/bigpic/xiaomi-17-pro-max.jpg,GSM / HSPA / LTE / 5G,Yes,"2025, September 25","Available. Released 2025, September 25",162.9 x 77.6 x 8 mm (6.41 x 3.06 x 0.31 in),219.0,Glass,IP68,Nano-SIM + Nano-SIM,"LTPO AMOLED, 68B colors, 2160Hz PWM, 120Hz, Dolby Vision, HDR Vivid, HDR10+, 3500 nits (peak)",160,6.9,1200x2608,416,92.3,Xiaomi Dragon Crystal Glass 3,"Android 16, HyperOS 3",Qualcomm SM8850-AC Snapdragon 8 Elite Gen 5 (3 nm),3,Octa-core (2x4.6 GHz Oryon V3 Phoenix L + 6x3.62 GHz Oryon V3 Phoenix M),Adreno 840,12,16,512,512,UFS 4.1,50.0,3,1.7,Yes,1/1.28,Yes,"Laser AF, color spectrum sensor, Leica lens, Dual-LED dual-tone flash, HDR, panorama","8K@30fps (HDR), 4K@30/60/120fps (HDR10+, 10-bit Dolby Vision HDR, 10-bit LOG), 1080p@30/60/120/240/960fps, 720p@1920fps, gyro-EIS",50.0,Yes,"HDR, panorama","4K@30/60fps, 1080p@30/60fps, HDR10+, gyro-EIS","Wi-Fi 802.11 a/b/g/n/ac/6e/7, dual-band, Wi-Fi Direct",Yes,5.4,Type-C,No,"GPS (L1+L5), BDS (B1I+B1c+B2a), GALILEO (E1+E5a), QZSS (L1+L5), NavIC (L5), GLONASS","Fingerprint (under display, ultrasonic), accelerometer, proximity, gyro, compass, barometer",7500,100,50,Yes,Active use score 20:50h,,720.0,,,2456317,10600,6761,1026,-26.1,"Black, White, Purple, Green",2509FPN0BC,,,No
Gigabyte,OnePlus 15,https://www.gsmarena.com/oneplus_15-14206.php,https://fdn2.gsmarena.com/vv/bigpic/oneplus-15.jpg,GSM / HSPA / LTE / 5G,Yes,"2025, October 27","Available. Released 2025, October 28",161.4 x 76.7 x 8.1 mm (6.35 x 3.02 x 0.32 in),211.0,Glass,IP68,· Nano-SIM + Nano-SIM + eSIM (max 2 at a time) · Nano-SIM + Nano-SIM,"LTPO AMOLED, 1B colors, 165Hz, PWM, Dolby Vision, HDR10+, HDR Vivid, 800 nits (typ), 1800 nits (HBM)",165,6.78,1272x2772,450,90.8,Gorilla Glass Victus,"Android 16, OxygenOS 16 (Global), ColorOS 16 (China)",Qualcomm SM8850-AC Snapdragon 8 Elite Gen 5 (3 nm),3,Octa-core (2x4.6 GHz Oryon V3 Phoenix L + 6x3.62 GHz Oryon V3 Phoenix M),Adreno 840,12,16,256,512,UFS 4.1,50.0,3,1.8,Yes,1/1.56,Yes,"Laser focus, color spectrum sensor, LED flash, HDR, panorama, LUT preview","8K@30fps, 4K@30/60/120fps, 1080p@30/60/240fps, Auto HDR, gyro-EIS, Dolby Vision, LUT",32.0,Yes,"HDR, panorama","4K@30/60fps, 1080p@30/60fps, gyro-EIS, HDR","Wi-Fi 802.11 a/b/g/n/ac/6/7, dual or tri-band, Wi-Fi Direct",Yes,6.0,Type-C,No,"GPS (L1+L5), GLONASS (G1), BDS (B1I+B1c+B2a), GALILEO (E1+E5a), QZSS (L1+L5), NavIC (L5)","Fingerprint (under display, ultrasonic), accelerometer, proximity, gyro (UAV-grade), compass, barometer (exc. China)",7300,120,50,Yes,Active use score 23:07h,729.95,780.9,799.99,77999,2790237,11062,7370,1364,-24.8,"Infinite Black, Ultra Violet, Sand Storm","CPH2747, CPH2745, PLK110, CPH2749",1.17 W/kg (head) 1.00 W/kg (body),,No
Gigabyte,Samsung Galaxy S25,https://www.gsmarena.com/samsung_galaxy_s25-13610.php,https://fdn2.gsmarena.com/vv/bigpic/samsung-galaxy-s25-sm-s931.jpg,GSM / CDMA / HSPA / EVDO / LTE / 5G,Yes,"2025, January 22","Available. Released 2025, February 03",146.9 x 70.5 x 7.2 mm (5.78 x 2.78 x 0.28 in),162.0,Glass,IP68,· Nano-SIM + Nano-SIM + eSIM + eSIM (max 2 at a time) - INT · Nano-SIM + eSIM + eSIM (max 2 at a time) - USA · Nano-SIM + Nano-SIM - CN,"Dynamic LTPO AMOLED 2X, 120Hz, HDR10+, 2600 nits (peak)",120,6.2,1080x2340,416,91.1,Gorilla Glass Victus,"Android 15, up to 7 major Android upgrades, One UI 8",Qualcomm SM8750-AC Snapdragon 8 Elite (3 nm),3,Octa-core (2x4.47 GHz Oryon V2 Phoenix L + 6x3.53 GHz Oryon V2 Phoenix M),Adreno 830 (1200 MHz),12,12,128,512,UFS 4.0,50.0,3,1.8,Yes,1/1.56,Yes,"Best Face, LED flash, auto-HDR, panorama","8K@24/30fps, 4K@30/60fps, 1080p@30/60/120/240fps, 10-bit HDR, HDR10+, stereo sound rec., gyro-EIS",12.0,Yes,"HDR, HDR10+","4K@30/60fps, 1080p@30fps","Wi-Fi 802.11 a/b/g/n/ac/6e/7, tri-band, Wi-Fi Direct",Yes,5.4,Type-C,No,"GPS, GLONASS, BDS, GALILEO, QZSS","Fingerprint (under display, ultrasonic), accelerometer, gyro, proximity, compass, barometer",4000,25,15,Yes,Active use score 13:09h,419.95,449.99,421.96,74999,2193701,10050,6755,1395,-26.1,"Icy Blue, Mint, Navy, Silver Shadow, Pink Gold, Coral Red, Blue Black","SM-S931B, SM-S931B/DS, SM-S931U, SM-S931U1, SM-S931W, SM-S931N, SM-S9310, SM-S931E, SM-S931E/DS",1.13 W/kg (head) 0.92 W/kg (body),1.29 W/kg (head) 1.36 W/kg (body),No
Gigabyte,Xiaomi 17 Ultra,https://www.gsmarena.com/xiaomi_17_ultra-14380.php,https://fdn2.gsmarena.com/vv/bigpic/xiaomi-17-ultra-global.jpg,GSM / HSPA / LTE / 5G,Yes,"2026, February 28","Available. Released 2026, March 10",162.9 x 77.6 x 8.3 mm (6.41 x 3.06 x 0.33 in),218.4,Glass,IP68,Nano-SIM + Nano-SIM + eSIM + eSIM + eSIM (max 2 at a time),"LTPO AMOLED, 68B colors, 120Hz, 2160Hz PWM, Dolby Vision, HDR10+, 3500 nits (peak)",120,6.9,1200x2608,416,92.3,Xiaomi Shield Glass 3.0,"Android 16, HyperOS 3",Qualcomm SM8850-AC Snapdragon 8 Elite Gen 5 (3 nm),3,Octa-core (2x4.6 GHz Oryon V3 Phoenix L + 6x3.62 GHz Oryon V3 Phoenix M),Adreno 840,16,16,512,512,UFS 4.1,50.0,3,1.7,Yes,1/1.4,Yes,"Laser AF, color spectrum sensor, Leica lenses, Dual-LED flash, HDR, panorama","8K@30fps, 4K@30/60/120fps, 1080p@30/60/120/240/480/960/1920fps, gyro-EIS, Dolby Vision HDR 10-bit rec. (4K@60fps, 1080p)",50.0,Yes,"HDR, panorama","4K@30/60fps, 1080p@30/60/120fps, gyro-EIS","Wi-Fi 802.11 a/b/g/n/ac/6e/7, dual-band or tri-band, Wi-Fi Direct",Yes,6.0,Type-C,No,"GPS (L1+L5), BDS (B1I+B1c+B2a), GALILEO (E1+E5a), QZSS (L1+L5), NavIC (L5), GLONASS","Fingerprint (under display, ultrasonic), accelerometer, proximity, gyro, compass, barometer",6000,90,50,Yes,Active use score 19:09h,,1249.0,1199.0,139997,2777490,10896,6948,1132,-24.1,"Black, White, Starlit Green","25128PNA1G, 2512BPNDAG",,,No
Gigabyte,Oppo Find X9 Pro,https://www.gsmarena.com/oppo_find_x9_pro-14094.php,https://fdn2.gsmarena.com/vv/bigpic/oppo-find-x9-pro.jpg,GSM / HSPA / LTE / 5G,Yes,"2025, October 16","Available. Released 2025, October 22",161.3 x 76.5 x 8.3 mm (6.35 x 3.01 x 0.33 in),224.0,Glass,IP68,· Nano-SIM + eSIM · Nano-SIM + Nano-SIM,"LTPO AMOLED, 1B colors, 120Hz, 2160Hz PWM, Dolby Vision, HDR10+, HDR Vivid, 800 nits (typ), 1800 nits (HBM), 3600 nits (peak)",120,6.78,1272x2772,450,91.1,Gorilla Glass Victus,"Android 16, up to 5 major Android upgrades, ColorOS 16",Mediatek Dimensity 9500 (3 nm),3,Octa-core (1x4.21 GHz C1-Ultra & 3x3.5 GHz C1-Premium & 4x2.7 GHz C1-Pro),Arm G1-Ultra,12,16,256,512,UFS 4.1,50.0,3,1.5,Yes,1/1.28,Yes,"Laser AF, color spectrum sensor, Hasselblad Color Calibration, LED flash, HDR, panorama, LUT preview","4K@30/60/120fps, 1080p@30/60/240fps; gyro-EIS; HDR, 10‑bit video, Dolby Vision, LOG",50.0,Yes,Panorama,"4K@30/60fps, 1080p@30/60fps, gyro-EIS","Wi-Fi 802.11 a/b/g/n/ac/6/7, dual-band or tri-band, Wi-Fi Direct",Yes,6.0,Type-C,No,"GPS (L1+L5), BDS (B1I+B1c+B2a+B2b), GALILEO (E1+E5a+E5b), QZSS (L1+L5), GLONASS, NavIC (L5)","Fingerprint (under display, ultrasonic), accelerometer, gyro, proximity, compass, barometer",7500,80,50,Yes,Active use score 21:57h,,1169.0,849.97,,2719560,9697,6808,1175,-26.6,"Silk White, Titanium Charcoal, Velvet Red","CPH2791, PLG110",,,No
Gigabyte,Gigabyte GSmart i120,https://www.gsmarena.com/gigabyte_gsmart_i120-1795.php,https://fdn2.gsmarena.com/vv/bigpic/gigabyte-g-smarti120.gif,GSM,No,"2006, December",Discontinued,106.6 x 53.2 x 19.8 mm (4.20 x 2.09 x 0.78 in),130.0,,,Mini-SIM,"TFT resistive touchscreen, 256K colors (65K effective)",,2.4,240x320,167,31.5,,Microsoft Windows Mobile 5.0 for PocketPC Phone Edition(AKU3.3),,,Intel PXA272 416 MHz,,,,,,,2.0,1,,No,,No,LED flash,Yes,,No,,,Wi-Fi 802.11 b/g,,1.2,miniUSB 1.1,No,No,,1300,,,No,,,320.0,,,,,,,,Silver-black,,,,FM radio
Gigabyte,Gigabyte GSmart 2005,https://www.gsmarena.com/gigabyte_gsmart_2005-1760.php,https://fdn2.gsmarena.com/vv/bigpic/gigabyte-g-smart.gif,GSM,No,2005,Discontinued,109 x 53.5 x 24 mm (4.29 x 2.11 x 0.94 in),153.0,,,Mini-SIM,"TFT resistive touchscreen, 256K colors (65K effective)",,2.4,240x320,167,30.6,,Microsoft Windows Mobile 5.0 for PocketPC Phone Edition(AKU2),,,Intel PXA272 416 MHz,,,,,,,2.1,1,,No,,No,LED flash,Yes,,No,,,Wi-Fi 802.11b,,1.2,miniUSB 1.1,No,No,,840,,,No,,,170.0,,,,,,,,Black,,,,FM radio
Gigabyte,Gigabyte GSmart i,https://www.gsmarena.com/gigabyte_gsmart_i-1759.php,https://fdn2.gsmarena.com/vv/bigpic/gigabyte-g-smarti.gif,GSM,No,2005,Discontinued,106.2 x 53 x 19.5 mm (4.18 x 2.09 x 0.77 in),130.0,,,Mini-SIM,"TFT resistive touchscreen, 256K colors (65K effective)",,2.4,240x320,167,31.7,,Microsoft Windows Mobile 5.0 for PocketPC Phone Edition(AKU2),,,Intel PXA272 416 MHz,,,,,,,2.1,1,,No,,No,LED flash,Yes,,No,,,Wi-Fi 802.11b,,1.2,miniUSB 1.1,No,No,,1300,,,No,,,190.0,,,,,,,,Silver,,,,FM radio
Gigabyte,Gigabyte GSmart i (128),https://www.gsmarena.com/gigabyte_gsmart_i_(128)-1758.php,https://fdn2.gsmarena.com/vv/bigpic/gigabyte-g-smarti128.gif,GSM,No,2005,Discontinued,106.6 x 53.2 x 19.8 mm (4.20 x 2.09 x 0.78 in),130.0,,,Mini-SIM,"TFT resistive touchscreen, 256K colors (65K effective)",,2.4,240x320,167,31.5,,Microsoft Windows Mobile 5.0 for PocketPC Phone Edition(AKU2),,,Intel PXA272 416 MHz,,,,,,,2.0,1,,No,,No,LED flash,Yes,,No,,,Wi-Fi 802.11 b/g,,1.2,miniUSB 1.1,No,No,,1300,,,No,,,270.0,,,,,,,,Silver,,,,FM radio
Gigabyte,Gigabyte g-YoYo,https://www.gsmarena.com/gigabyte_g_yoyo-1755.php,https://fdn2.gsmarena.com/vv/bigpic/gigabyte-g-yoyo.gif,GSM,No,2006,Discontinued,99.7 x 48.5 x 19.8 mm (3.93 x 1.91 x 0.78 in),105.0,,,Mini-SIM,"TFT resistive touchscreen, 256K colors",,2.0,176x220,141,26.0,,,,,,,,,,,,2.0,1,,No,,No,,Yes,,No,,,No,,,No,No,GPS,,1050,,,No,,,,,,,,,,,Silver,,,,No
Gigabyte,Gigabyte g-Cam,https://www.gsmarena.com/gigabyte_g_cam-1753.php,https://fdn2.gsmarena.com/vv/bigpic/gigabyte-g-cam.gif,GSM,No,2005,Discontinued,105 x 46 x 24.1 mm (4.13 x 1.81 x 0.95 in),113.0,,,Mini-SIM,"TFT resistive touchscreen, 256K colors",,2.0,176x220,141,26.1,,,,,,,,,,,,5.0,1,,No,,No,xenon flash,Yes,,No,,,No,,,Proprietary,No,No,,700,,,No,,,,,,,,,,,Silver,,,,No
Gigabyte,Gigabyte Barbie,https://www.gsmarena.com/gigabyte_barbie-1752.php,https://fdn2.gsmarena.com/vv/bigpic/gigabyte-barbie.gif,GSM,No,"2005, December",Discontinued,96.7 x 54 x 25.6 mm (3.81 x 2.13 x 1.01 in),106.0,,,Mini-SIM,"TFT, 260K colors",,2.0,176x220,141,24.1,,,,,,,,,,,,1.0,1,,No,,No,,Yes,,No,,,No,,,No,No,No,,700,,,No,,,,,,,,,,,"Blue, Pink, Orange",,,,No
Gigabyte,Gigabyte g-re (b),https://www.gsmarena.com/gigabyte_g_re_(b)-1751.php,https://fdn2.gsmarena.com/vv/bigpic/gigabyte-g-re.gif,GSM,No,2005,Discontinued,96.7 x 54 x 25.6 mm (3.81 x 2.13 x 1.01 in),106.0,,,Mini-SIM,"TFT, 2.6M colors",,2.0,176x220,141,24.1,,,,,,,,,,,,1.3,1,,No,,No,,Yes,,No,,,No,,,No,No,No,,700,,,No,,,,,,,,,,,"Hippy Orange, Hip-Hop Blue",,,,No
Gigabyte,Gigabyte g-re (o),https://www.gsmarena.com/gigabyte_g_re_(o)-1750.php,https://fdn2.gsmarena.com/vv/bigpic/gigabyte-g-re.gif,GSM,No,2005,Discontinued,96.7 x 54 x 25.6 mm (3.81 x 2.13 x 1.01 in),106.0,,,Mini-SIM,"TFT, 2.6M colors",,2.0,176x220,141,24.1,,,,,,,,,,,,1.3,1,,No,,No,,Yes,,No,,,No,,,No,No,No,,700,,,No,,,,,,,,,,,"Hippy Orange, Hip-Hop Blue",,,,No
Gigabyte,Gigabyte Snoopy,https://www.gsmarena.com/gigabyte_snoopy-1749.php,https://fdn2.gsmarena.com/vv/bigpic/gigabyte-snoopy.gif,GSM,No,2005,Discontinued,96.7 x 54 x 25.6 mm (3.81 x 2.13 x 1.01 in),106.0,,,Mini-SIM,"TFT, 2.6M colors",,2.0,176x220,141,24.1,,,,,,,,,,,,1.0,1,,No,,No,,Yes,,No,,,No,,,No,No,No,,700,,,No,,,,,,,,,,,White,,,,No
Gigabyte,Gigabyte Keroro,https://www.gsmarena.com/gigabyte_keroro-1754.php,https://fdn2.gsmarena.com/vv/bigpic/gigabyte-keroro.gif,GSM,No,2005,Discontinued,96.7 x 54 x 25.6 mm (3.81 x 2.13 x 1.01 in),106.0,,,Mini-SIM,"TFT, 2.6M colors",,2.0,176x220,141,24.1,,,,,,,,,,,,1.3,1,,No,,No,,Yes,,No,,,No,,,No,No,No,,700,,,No,,,,,,,,,,,White,,,,No
Gigabyte,Gigabyte Doraemon,https://www.gsmarena.com/gigabyte_doraemon-1748.php,https://fdn2.gsmarena.com/vv/bigpic/gigabyte-doraemon.gif,GSM,No,2005,Discontinued,96.7 x 54 x 25.6 mm (3.81 x 2.13 x 1.01 in),106.0,,,Mini-SIM,"TFT, 2.6M colors",,2.0,176x220,141,24.1,,,,,,,,,,,,1.0,1,,No,,No,,Yes,,No,,,No,,,No,No,No,,700,,,No,,,,,,,,,,,Black,,,,No
Gigabyte,Gigabyte g-X5,https://www.gsmarena.com/gigabyte_g_x5-1747.php,https://fdn2.gsmarena.com/vv/bigpic/gigabyte-g-x5.gif,GSM,No,"2005, September",Discontinued,96.7 x 54 x 25.6 mm (3.81 x 2.13 x 1.01 in),106.0,,,Mini-SIM,"TFT, 2.6M colors",,2.0,176x220,141,24.1,,,,,,,,,,,,1.0,1,,No,,No,,Yes,,No,,,No,,,No,No,No,,700,,,No,,,,,,,,,,,Black,,,,No
